Method,Job,AnalyzeLaunchVariance,EvaluateOverhead,MaxAbsoluteError,MaxRelativeError,MinInvokeCount,MinIterationTime,OutlierMode,Affinity,EnvironmentVariables,Jit,LargeAddressAware,Platform,PowerPlanMode,Runtime,AllowVeryLargeObjects,Concurrent,CpuGroups,Force,HeapAffinitizeMask,HeapCount,NoAffinitize,RetainVm,Server,Arguments,BuildConfiguration,Clock,EngineFactory,NuGetReferences,Toolchain,IsMutator,InvocationCount,IterationCount,IterationTime,LaunchCount,MaxIterationCount,MaxWarmupIterationCount,MemoryRandomization,MinIterationCount,MinWarmupIterationCount,RunStrategy,UnrollFactor,WarmupCount,LineCount,Mean [ms],Error [ms],StdDev [ms],Gen0,Gen1,Gen2,Allocated [KB]
Sep_MT,Job-IKBRBI,False,Default,Default,Default,Default,Default,Default,11111111111111111111111111111111,Empty,RyuJit,Default,X64,8c5e7fda-e8bf-4a96-9a85-a6e23a8c635c,.NET 8.0,False,True,False,True,Default,Default,False,False,False,Default,Default,Default,Default,Default,Default,Default,Default,Default,2.0000 s,Default,5,Default,Default,2,Default,Default,16,1,1000000,479.3,27.82,7.22,31750.0000,31500.0000,500.0000,268027.64
RecordParserParallel,Job-IKBRBI,False,Default,Default,Default,Default,Default,Default,11111111111111111111111111111111,Empty,RyuJit,Default,X64,8c5e7fda-e8bf-4a96-9a85-a6e23a8c635c,.NET 8.0,False,True,False,True,Default,Default,False,False,False,Default,Default,Default,Default,Default,Default,Default,Default,Default,2.0000 s,Default,5,Default,Default,2,Default,Default,16,1,1000000,868.2,68.36,17.75,38000.0000,37500.0000,4500.0000,288156.68
Sep,Job-IKBRBI,False,Default,Default,Default,Default,Default,Default,11111111111111111111111111111111,Empty,RyuJit,Default,X64,8c5e7fda-e8bf-4a96-9a85-a6e23a8c635c,.NET 8.0,False,True,False,True,Default,Default,False,False,False,Default,Default,Default,Default,Default,Default,Default,Default,Default,2.0000 s,Default,5,Default,Default,2,Default,Default,16,1,1000000,"1,034.0",24.81,3.84,34000.0000,33500.0000,3500.0000,266684.82
Sylvan_Data_Csv,Job-IKBRBI,False,Default,Default,Default,Default,Default,Default,11111111111111111111111111111111,Empty,RyuJit,Default,X64,8c5e7fda-e8bf-4a96-9a85-a6e23a8c635c,.NET 8.0,False,True,False,True,Default,Default,False,False,False,Default,Default,Default,Default,Default,Default,Default,Default,Default,2.0000 s,Default,5,Default,Default,2,Default,Default,16,1,1000000,"1,082.9",37.14,5.75,34000.0000,33500.0000,3500.0000,266874.34
HomeGrown2,Job-IKBRBI,False,Default,Default,Default,Default,Default,Default,11111111111111111111111111111111,Empty,RyuJit,Default,X64,8c5e7fda-e8bf-4a96-9a85-a6e23a8c635c,.NET 8.0,False,True,False,True,Default,Default,False,False,False,Default,Default,Default,Default,Default,Default,Default,Default,Default,2.0000 s,Default,5,Default,Default,2,Default,Default,16,1,1000000,"1,519.2",34.55,8.97,34000.0000,33000.0000,4000.0000,266884.93
RecordParser,Job-IKBRBI,False,Default,Default,Default,Default,Default,Default,11111111111111111111111111111111,Empty,RyuJit,Default,X64,8c5e7fda-e8bf-4a96-9a85-a6e23a8c635c,.NET 8.0,False,True,False,True,Default,Default,False,False,False,Default,Default,Default,Default,Default,Default,Default,Default,Default,2.0000 s,Default,5,Default,Default,2,Default,Default,16,1,1000000,"1,544.5",18.15,4.71,34000.0000,33000.0000,4000.0000,266926.18
Cursively,Job-IKBRBI,False,Default,Default,Default,Default,Default,Default,11111111111111111111111111111111,Empty,RyuJit,Default,X64,8c5e7fda-e8bf-4a96-9a85-a6e23a8c635c,.NET 8.0,False,True,False,True,Default,Default,False,False,False,Default,Default,Default,Default,Default,Default,Default,Default,Default,2.0000 s,Default,5,Default,Default,2,Default,Default,16,1,1000000,"1,626.9",76.40,19.84,45000.0000,24000.0000,4000.0000,352937.59
CsvHelper,Job-IKBRBI,False,Default,Default,Default,Default,Default,Default,11111111111111111111111111111111,Empty,RyuJit,Default,X64,8c5e7fda-e8bf-4a96-9a85-a6e23a8c635c,.NET 8.0,False,True,False,True,Default,Default,False,False,False,Default,Default,Default,Default,Default,Default,Default,Default,Default,2.0000 s,Default,5,Default,Default,2,Default,Default,16,1,1000000,"2,243.3",13.29,2.06,34000.0000,33000.0000,4000.0000,266857.5
SoftCircuits_CsvParser,Job-IKBRBI,False,Default,Default,Default,Default,Default,Default,11111111111111111111111111111111,Empty,RyuJit,Default,X64,8c5e7fda-e8bf-4a96-9a85-a6e23a8c635c,.NET 8.0,False,True,False,True,Default,Default,False,False,False,Default,Default,Default,Default,Default,Default,Default,Default,Default,2.0000 s,Default,5,Default,Default,2,Default,Default,16,1,1000000,"2,733.7",101.59,26.38,152000.0000,151000.0000,7000.0000,1201622.7
string_Split,Job-IKBRBI,False,Default,Default,Default,Default,Default,Default,11111111111111111111111111111111,Empty,RyuJit,Default,X64,8c5e7fda-e8bf-4a96-9a85-a6e23a8c635c,.NET 8.0,False,True,False,True,Default,Default,False,False,False,Default,Default,Default,Default,Default,Default,Default,Default,Default,2.0000 s,Default,5,Default,Default,2,Default,Default,16,1,1000000,"2,935.9",144.80,37.60,265000.0000,136000.0000,7000.0000,2124732.52
FluentCSV,Job-IKBRBI,False,Default,Default,Default,Default,Default,Default,11111111111111111111111111111111,Empty,RyuJit,Default,X64,8c5e7fda-e8bf-4a96-9a85-a6e23a8c635c,.NET 8.0,False,True,False,True,Default,Default,False,False,False,Default,Default,Default,Default,Default,Default,Default,Default,Default,2.0000 s,Default,5,Default,Default,2,Default,Default,16,1,1000000,"3,012.0",8.42,0.46,265000.0000,136000.0000,7000.0000,2124738.06
TxtCsvHelper,Job-IKBRBI,False,Default,Default,Default,Default,Default,Default,11111111111111111111111111111111,Empty,RyuJit,Default,X64,8c5e7fda-e8bf-4a96-9a85-a6e23a8c635c,.NET 8.0,False,True,False,True,Default,Default,False,False,False,Default,Default,Default,Default,Default,Default,Default,Default,Default,2.0000 s,Default,5,Default,Default,2,Default,Default,16,1,1000000,"3,077.9",193.58,50.27,299000.0000,153000.0000,7000.0000,2405995.48
NReco_Csv,Job-IKBRBI,False,Default,Default,Default,Default,Default,Default,11111111111111111111111111111111,Empty,RyuJit,Default,X64,8c5e7fda-e8bf-4a96-9a85-a6e23a8c635c,.NET 8.0,False,True,False,True,Default,Default,False,False,False,Default,Default,Default,Default,Default,Default,Default,Default,Default,2.0000 s,Default,5,Default,Default,2,Default,Default,16,1,1000000,"3,170.1",61.49,9.52,152000.0000,151000.0000,7000.0000,1202364.16
HomeGrown,Job-IKBRBI,False,Default,Default,Default,Default,Default,Default,11111111111111111111111111111111,Empty,RyuJit,Default,X64,8c5e7fda-e8bf-4a96-9a85-a6e23a8c635c,.NET 8.0,False,True,False,True,Default,Default,False,False,False,Default,Default,Default,Default,Default,Default,Default,Default,Default,2.0000 s,Default,5,Default,Default,2,Default,Default,16,1,1000000,"3,220.6",84.25,13.04,152000.0000,151000.0000,7000.0000,1201619.69
mgholam_fastCSV,Job-IKBRBI,False,Default,Default,Default,Default,Default,Default,11111111111111111111111111111111,Empty,RyuJit,Default,X64,8c5e7fda-e8bf-4a96-9a85-a6e23a8c635c,.NET 8.0,False,True,False,True,Default,Default,False,False,False,Default,Default,Default,Default,Default,Default,Default,Default,Default,2.0000 s,Default,5,Default,Default,2,Default,Default,16,1,1000000,"3,260.3",138.39,21.42,161000.0000,83000.0000,6000.0000,1291193.3
Addax_Formats_Tabular,Job-IKBRBI,False,Default,Default,Default,Default,Default,Default,11111111111111111111111111111111,Empty,RyuJit,Default,X64,8c5e7fda-e8bf-4a96-9a85-a6e23a8c635c,.NET 8.0,False,True,False,True,Default,Default,False,False,False,Default,Default,Default,Default,Default,Default,Default,Default,Default,2.0000 s,Default,5,Default,Default,2,Default,Default,16,1,1000000,"3,302.0",193.39,50.22,163000.0000,84000.0000,6000.0000,1303178.85
GenericParsing,Job-IKBRBI,False,Default,Default,Default,Default,Default,Default,11111111111111111111111111111111,Empty,RyuJit,Default,X64,8c5e7fda-e8bf-4a96-9a85-a6e23a8c635c,.NET 8.0,False,True,False,True,Default,Default,False,False,False,Default,Default,Default,Default,Default,Default,Default,Default,Default,2.0000 s,Default,5,Default,Default,2,Default,Default,16,1,1000000,"3,461.5",187.86,48.79,152000.0000,151000.0000,7000.0000,1201629.02
Sky_Data_Csv,Job-IKBRBI,False,Default,Default,Default,Default,Default,Default,11111111111111111111111111111111,Empty,RyuJit,Default,X64,8c5e7fda-e8bf-4a96-9a85-a6e23a8c635c,.NET 8.0,False,True,False,True,Default,Default,False,False,False,Default,Default,Default,Default,Default,Default,Default,Default,Default,2.0000 s,Default,5,Default,Default,2,Default,Default,16,1,1000000,"3,504.2",116.27,17.99,294000.0000,150000.0000,7000.0000,2359474.27
KBCsv,Job-IKBRBI,False,Default,Default,Default,Default,Default,Default,11111111111111111111111111111111,Empty,RyuJit,Default,X64,8c5e7fda-e8bf-4a96-9a85-a6e23a8c635c,.NET 8.0,False,True,False,True,Default,Default,False,False,False,Default,Default,Default,Default,Default,Default,Default,Default,Default,2.0000 s,Default,5,Default,Default,2,Default,Default,16,1,1000000,"3,519.0",152.29,39.55,192000.0000,99000.0000,6000.0000,1537579.38
Dsv,Job-IKBRBI,False,Default,Default,Default,Default,Default,Default,11111111111111111111111111111111,Empty,RyuJit,Default,X64,8c5e7fda-e8bf-4a96-9a85-a6e23a8c635c,.NET 8.0,False,True,False,True,Default,Default,False,False,False,Default,Default,Default,Default,Default,Default,Default,Default,Default,2.0000 s,Default,5,Default,Default,2,Default,Default,16,1,1000000,"3,542.4",116.50,18.03,266000.0000,136000.0000,7000.0000,2132559.59
ServiceStack_Text,Job-IKBRBI,False,Default,Default,Default,Default,Default,Default,11111111111111111111111111111111,Empty,RyuJit,Default,X64,8c5e7fda-e8bf-4a96-9a85-a6e23a8c635c,.NET 8.0,False,True,False,True,Default,Default,False,False,False,Default,Default,Default,Default,Default,Default,Default,Default,Default,2.0000 s,Default,5,Default,Default,2,Default,Default,16,1,1000000,"3,623.9",170.77,26.43,310000.0000,107000.0000,6000.0000,2499752
CSVFile,Job-IKBRBI,False,Default,Default,Default,Default,Default,Default,11111111111111111111111111111111,Empty,RyuJit,Default,X64,8c5e7fda-e8bf-4a96-9a85-a6e23a8c635c,.NET 8.0,False,True,False,True,Default,Default,False,False,False,Default,Default,Default,Default,Default,Default,Default,Default,Default,2.0000 s,Default,5,Default,Default,2,Default,Default,16,1,1000000,"3,799.8",86.27,22.40,344000.0000,119000.0000,6000.0000,2778354.62
Microsoft_ML,Job-IKBRBI,False,Default,Default,Default,Default,Default,Default,11111111111111111111111111111111,Empty,RyuJit,Default,X64,8c5e7fda-e8bf-4a96-9a85-a6e23a8c635c,.NET 8.0,False,True,False,True,Default,Default,False,False,False,Default,Default,Default,Default,Default,Default,Default,Default,Default,2.0000 s,Default,5,Default,Default,2,Default,Default,16,1,1000000,"3,885.4",457.67,118.86,237000.0000,236000.0000,4000.0000,1838846.12
FileHelpers,Job-IKBRBI,False,Default,Default,Default,Default,Default,Default,11111111111111111111111111111111,Empty,RyuJit,Default,X64,8c5e7fda-e8bf-4a96-9a85-a6e23a8c635c,.NET 8.0,False,True,False,True,Default,Default,False,False,False,Default,Default,Default,Default,Default,Default,Default,Default,Default,2.0000 s,Default,5,Default,Default,2,Default,Default,16,1,1000000,"3,952.8",204.47,53.10,269000.0000,138000.0000,7000.0000,2156042
FastCsvParser,Job-IKBRBI,False,Default,Default,Default,Default,Default,Default,11111111111111111111111111111111,Empty,RyuJit,Default,X64,8c5e7fda-e8bf-4a96-9a85-a6e23a8c635c,.NET 8.0,False,True,False,True,Default,Default,False,False,False,Default,Default,Default,Default,Default,Default,Default,Default,Default,2.0000 s,Default,5,Default,Default,2,Default,Default,16,1,1000000,"4,151.5",280.53,72.85,262000.0000,134000.0000,7000.0000,2104765.06
CsvTextFieldParser,Job-IKBRBI,False,Default,Default,Default,Default,Default,Default,11111111111111111111111111111111,Empty,RyuJit,Default,X64,8c5e7fda-e8bf-4a96-9a85-a6e23a8c635c,.NET 8.0,False,True,False,True,Default,Default,False,False,False,Default,Default,Default,Default,Default,Default,Default,Default,Default,2.0000 s,Default,5,Default,Default,2,Default,Default,16,1,1000000,"4,163.5",273.33,42.30,523000.0000,177000.0000,7000.0000,4232729.53
Ctl_Data,Job-IKBRBI,False,Default,Default,Default,Default,Default,Default,11111111111111111111111111111111,Empty,RyuJit,Default,X64,8c5e7fda-e8bf-4a96-9a85-a6e23a8c635c,.NET 8.0,False,True,False,True,Default,Default,False,False,False,Default,Default,Default,Default,Default,Default,Default,Default,Default,2.0000 s,Default,5,Default,Default,2,Default,Default,16,1,1000000,"4,281.2",78.88,4.32,304000.0000,153000.0000,7000.0000,2442720.07
Open_Text_CSV,Job-IKBRBI,False,Default,Default,Default,Default,Default,Default,11111111111111111111111111111111,Empty,RyuJit,Default,X64,8c5e7fda-e8bf-4a96-9a85-a6e23a8c635c,.NET 8.0,False,True,False,True,Default,Default,False,False,False,Default,Default,Default,Default,Default,Default,Default,Default,Default,2.0000 s,Default,5,Default,Default,2,Default,Default,16,1,1000000,"4,621.9",73.99,19.21,197000.0000,58000.0000,6000.0000,1576713.38
Cesil,Job-IKBRBI,False,Default,Default,Default,Default,Default,Default,11111111111111111111111111111111,Empty,RyuJit,Default,X64,8c5e7fda-e8bf-4a96-9a85-a6e23a8c635c,.NET 8.0,False,True,False,True,Default,Default,False,False,False,Default,Default,Default,Default,Default,Default,Default,Default,Default,2.0000 s,Default,5,Default,Default,2,Default,Default,16,1,1000000,"4,622.6",178.24,27.58,118000.0000,117000.0000,6000.0000,936452.63
LumenWorksCsvReader,Job-IKBRBI,False,Default,Default,Default,Default,Default,Default,11111111111111111111111111111111,Empty,RyuJit,Default,X64,8c5e7fda-e8bf-4a96-9a85-a6e23a8c635c,.NET 8.0,False,True,False,True,Default,Default,False,False,False,Default,Default,Default,Default,Default,Default,Default,Default,Default,2.0000 s,Default,5,Default,Default,2,Default,Default,16,1,1000000,"4,723.4",60.91,15.82,662000.0000,177000.0000,8000.0000,5360536.23
LinqToCsv,Job-IKBRBI,False,Default,Default,Default,Default,Default,Default,11111111111111111111111111111111,Empty,RyuJit,Default,X64,8c5e7fda-e8bf-4a96-9a85-a6e23a8c635c,.NET 8.0,False,True,False,True,Default,Default,False,False,False,Default,Default,Default,Default,Default,Default,Default,Default,Default,2.0000 s,Default,5,Default,Default,2,Default,Default,16,1,1000000,"4,983.1",162.48,42.19,712000.0000,184000.0000,8000.0000,5770690.2
TinyCsvReader,Job-IKBRBI,False,Default,Default,Default,Default,Default,Default,11111111111111111111111111111111,Empty,RyuJit,Default,X64,8c5e7fda-e8bf-4a96-9a85-a6e23a8c635c,.NET 8.0,False,True,False,True,Default,Default,False,False,False,Default,Default,Default,Default,Default,Default,Default,Default,Default,2.0000 s,Default,5,Default,Default,2,Default,Default,16,1,1000000,"5,070.8",322.75,83.82,789000.0000,203000.0000,8000.0000,6401690.09
CsvTools,Job-IKBRBI,False,Default,Default,Default,Default,Default,Default,11111111111111111111111111111111,Empty,RyuJit,Default,X64,8c5e7fda-e8bf-4a96-9a85-a6e23a8c635c,.NET 8.0,False,True,False,True,Default,Default,False,False,False,Default,Default,Default,Default,Default,Default,Default,Default,Default,2.0000 s,Default,5,Default,Default,2,Default,Default,16,1,1000000,"5,857.2",92.62,14.33,265000.0000,136000.0000,7000.0000,2123561.92
StackOverflowRegex,Job-IKBRBI,False,Default,Default,Default,Default,Default,Default,11111111111111111111111111111111,Empty,RyuJit,Default,X64,8c5e7fda-e8bf-4a96-9a85-a6e23a8c635c,.NET 8.0,False,True,False,True,Default,Default,False,False,False,Default,Default,Default,Default,Default,Default,Default,Default,Default,2.0000 s,Default,5,Default,Default,2,Default,Default,16,1,1000000,"6,586.7",732.55,190.24,589000.0000,177000.0000,2000.0000,4817480.38
FlatFiles,Job-IKBRBI,False,Default,Default,Default,Default,Default,Default,11111111111111111111111111111111,Empty,RyuJit,Default,X64,8c5e7fda-e8bf-4a96-9a85-a6e23a8c635c,.NET 8.0,False,True,False,True,Default,Default,False,False,False,Default,Default,Default,Default,Default,Default,Default,Default,Default,2.0000 s,Default,5,Default,Default,2,Default,Default,16,1,1000000,"6,597.4",239.44,62.18,531000.0000,186000.0000,7000.0000,4301850.14
Csv,Job-IKBRBI,False,Default,Default,Default,Default,Default,Default,11111111111111111111111111111111,Empty,RyuJit,Default,X64,8c5e7fda-e8bf-4a96-9a85-a6e23a8c635c,.NET 8.0,False,True,False,True,Default,Default,False,False,False,Default,Default,Default,Default,Default,Default,Default,Default,Default,2.0000 s,Default,5,Default,Default,2,Default,Default,16,1,1000000,"7,255.4",684.41,177.74,1195000.0000,301000.0000,2000.0000,9766810.91
Angara_Table,Job-IKBRBI,False,Default,Default,Default,Default,Default,Default,11111111111111111111111111111111,Empty,RyuJit,Default,X64,8c5e7fda-e8bf-4a96-9a85-a6e23a8c635c,.NET 8.0,False,True,False,True,Default,Default,False,False,False,Default,Default,Default,Default,Default,Default,Default,Default,Default,2.0000 s,Default,5,Default,Default,2,Default,Default,16,1,1000000,"7,991.3",179.96,46.73,460000.0000,205000.0000,7000.0000,4124068.69
Microsoft_Data_Analysis,Job-IKBRBI,False,Default,Default,Default,Default,Default,Default,11111111111111111111111111111111,Empty,RyuJit,Default,X64,8c5e7fda-e8bf-4a96-9a85-a6e23a8c635c,.NET 8.0,False,True,False,True,Default,Default,False,False,False,Default,Default,Default,Default,Default,Default,Default,Default,Default,2.0000 s,Default,5,Default,Default,2,Default,Default,16,1,1000000,"11,401.1",452.09,69.96,1625000.0000,422000.0000,9000.0000,13630151.55
Microsoft_VisualBasic_FileIO_TextFieldParser,Job-IKBRBI,False,Default,Default,Default,Default,Default,Default,11111111111111111111111111111111,Empty,RyuJit,Default,X64,8c5e7fda-e8bf-4a96-9a85-a6e23a8c635c,.NET 8.0,False,True,False,True,Default,Default,False,False,False,Default,Default,Default,Default,Default,Default,Default,Default,Default,2.0000 s,Default,5,Default,Default,2,Default,Default,16,1,1000000,"15,265.5",479.76,124.59,5034000.0000,1008000.0000,9000.0000,41068306.63
ChoETL,Job-IKBRBI,False,Default,Default,Default,Default,Default,Default,11111111111111111111111111111111,Empty,RyuJit,Default,X64,8c5e7fda-e8bf-4a96-9a85-a6e23a8c635c,.NET 8.0,False,True,False,True,Default,Default,False,False,False,Default,Default,Default,Default,Default,Default,Default,Default,Default,2.0000 s,Default,5,Default,Default,2,Default,Default,16,1,1000000,"18,914.7",236.04,36.53,840000.0000,215000.0000,8000.0000,6817919.22
CommonLibrary_NET,Job-IKBRBI,False,Default,Default,Default,Default,Default,Default,11111111111111111111111111111111,Empty,RyuJit,Default,X64,8c5e7fda-e8bf-4a96-9a85-a6e23a8c635c,.NET 8.0,False,True,False,True,Default,Default,False,False,False,Default,Default,Default,Default,Default,Default,Default,Default,Default,2.0000 s,Default,5,Default,Default,2,Default,Default,16,1,1000000,"27,247.0",525.68,136.52,1785000.0000,693000.0000,11000.0000,15154986.94
