Method,Job,AnalyzeLaunchVariance,EvaluateOverhead,MaxAbsoluteError,MaxRelativeError,MinInvokeCount,MinIterationTime,OutlierMode,Affinity,EnvironmentVariables,Jit,Platform,PowerPlanMode,Runtime,AllowVeryLargeObjects,Concurrent,CpuGroups,Force,HeapAffinitizeMask,HeapCount,NoAffinitize,RetainVm,Server,Arguments,BuildConfiguration,Clock,EngineFactory,NuGetReferences,Toolchain,IsMutator,InvocationCount,IterationCount,IterationTime,LaunchCount,MaxIterationCount,MaxWarmupIterationCount,MemoryRandomization,MinIterationCount,MinWarmupIterationCount,RunStrategy,UnrollFactor,WarmupCount,LineCount,Mean,Error,StdDev,Gen 0,Gen 1,Gen 2,Allocated
Angara_Table,Job-OBYGAO,False,Default,Default,Default,Default,Default,Default,11111111111111111111111111111111,Empty,RyuJit,X64,8c5e7fda-e8bf-4a96-9a85-a6e23a8c635c,.NET 6.0,False,True,False,True,Default,Default,False,False,False,Default,Default,Default,Default,Default,Default,Default,1,4,Default,1,Default,Default,Default,Default,Default,Default,1,2,1000000,8.613 s,0.1533 s,0.0237 s,493000.0000,182000.0000,7000.0000,"4,289 MB"
Cesil,Job-OBYGAO,False,Default,Default,Default,Default,Default,Default,11111111111111111111111111111111,Empty,RyuJit,X64,8c5e7fda-e8bf-4a96-9a85-a6e23a8c635c,.NET 6.0,False,True,False,True,Default,Default,False,False,False,Default,Default,Default,Default,Default,Default,Default,1,4,Default,1,Default,Default,Default,Default,Default,Default,1,2,1000000,5.153 s,0.0613 s,0.0095 s,117000.0000,63000.0000,5000.0000,914 MB
ChoETL,Job-OBYGAO,False,Default,Default,Default,Default,Default,Default,11111111111111111111111111111111,Empty,RyuJit,X64,8c5e7fda-e8bf-4a96-9a85-a6e23a8c635c,.NET 6.0,False,True,False,True,Default,Default,False,False,False,Default,Default,Default,Default,Default,Default,Default,1,4,Default,1,Default,Default,Default,Default,Default,Default,1,2,1000000,23.372 s,0.3708 s,0.0574 s,700000.0000,189000.0000,8000.0000,"5,541 MB"
CommonLibrary_NET,Job-OBYGAO,False,Default,Default,Default,Default,Default,Default,11111111111111111111111111111111,Empty,RyuJit,X64,8c5e7fda-e8bf-4a96-9a85-a6e23a8c635c,.NET 6.0,False,True,False,True,Default,Default,False,False,False,Default,Default,Default,Default,Default,Default,Default,1,4,Default,1,Default,Default,Default,Default,Default,Default,1,2,1000000,27.899 s,2.5448 s,0.3938 s,1785000.0000,893000.0000,11000.0000,"14,800 MB"
Csv,Job-OBYGAO,False,Default,Default,Default,Default,Default,Default,11111111111111111111111111111111,Empty,RyuJit,X64,8c5e7fda-e8bf-4a96-9a85-a6e23a8c635c,.NET 6.0,False,True,False,True,Default,Default,False,False,False,Default,Default,Default,Default,Default,Default,Default,1,4,Default,1,Default,Default,Default,Default,Default,Default,1,2,1000000,19.717 s,0.3090 s,0.0169 s,1258000.0000,336000.0000,8000.0000,"9,990 MB"
CSVFile,Job-OBYGAO,False,Default,Default,Default,Default,Default,Default,11111111111111111111111111111111,Empty,RyuJit,X64,8c5e7fda-e8bf-4a96-9a85-a6e23a8c635c,.NET 6.0,False,True,False,True,Default,Default,False,False,False,Default,Default,Default,Default,Default,Default,Default,1,4,Default,1,Default,Default,Default,Default,Default,Default,1,2,1000000,4.281 s,0.1988 s,0.0308 s,608000.0000,221000.0000,9000.0000,"4,795 MB"
CsvHelper,Job-OBYGAO,False,Default,Default,Default,Default,Default,Default,11111111111111111111111111111111,Empty,RyuJit,X64,8c5e7fda-e8bf-4a96-9a85-a6e23a8c635c,.NET 6.0,False,True,False,True,Default,Default,False,False,False,Default,Default,Default,Default,Default,Default,Default,1,4,Default,1,Default,Default,Default,Default,Default,Default,1,2,1000000,2.437 s,0.0325 s,0.0050 s,33000.0000,18000.0000,3000.0000,261 MB
CsvTextFieldParser,Job-OBYGAO,False,Default,Default,Default,Default,Default,Default,11111111111111111111111111111111,Empty,RyuJit,X64,8c5e7fda-e8bf-4a96-9a85-a6e23a8c635c,.NET 6.0,False,True,False,True,Default,Default,False,False,False,Default,Default,Default,Default,Default,Default,Default,1,4,Default,1,Default,Default,Default,Default,Default,Default,1,2,1000000,4.856 s,0.7550 s,0.1168 s,525000.0000,191000.0000,9000.0000,"4,133 MB"
CsvTools,Job-OBYGAO,False,Default,Default,Default,Default,Default,Default,11111111111111111111111111111111,Empty,RyuJit,X64,8c5e7fda-e8bf-4a96-9a85-a6e23a8c635c,.NET 6.0,False,True,False,True,Default,Default,False,False,False,Default,Default,Default,Default,Default,Default,Default,1,4,Default,1,Default,Default,Default,Default,Default,Default,1,2,1000000,6.600 s,0.2313 s,0.0127 s,264000.0000,94000.0000,6000.0000,"2,074 MB"
Ctl_Data,Job-OBYGAO,False,Default,Default,Default,Default,Default,Default,11111111111111111111111111111111,Empty,RyuJit,X64,8c5e7fda-e8bf-4a96-9a85-a6e23a8c635c,.NET 6.0,False,True,False,True,Default,Default,False,False,False,Default,Default,Default,Default,Default,Default,Default,1,4,Default,1,Default,Default,Default,Default,Default,Default,1,2,1000000,4.163 s,0.6159 s,0.0953 s,304000.0000,105000.0000,7000.0000,"2,385 MB"
Cursively,Job-OBYGAO,False,Default,Default,Default,Default,Default,Default,11111111111111111111111111111111,Empty,RyuJit,X64,8c5e7fda-e8bf-4a96-9a85-a6e23a8c635c,.NET 6.0,False,True,False,True,Default,Default,False,False,False,Default,Default,Default,Default,Default,Default,Default,1,4,Default,1,Default,Default,Default,Default,Default,Default,1,2,1000000,1.656 s,0.0874 s,0.0135 s,44000.0000,17000.0000,3000.0000,345 MB
Dsv,Job-OBYGAO,False,Default,Default,Default,Default,Default,Default,11111111111111111111111111111111,Empty,RyuJit,X64,8c5e7fda-e8bf-4a96-9a85-a6e23a8c635c,.NET 6.0,False,True,False,True,Default,Default,False,False,False,Default,Default,Default,Default,Default,Default,Default,1,4,Default,1,Default,Default,Default,Default,Default,Default,1,2,1000000,3.773 s,0.0953 s,0.0147 s,298000.0000,106000.0000,6000.0000,"2,344 MB"
FastCsvParser,Job-OBYGAO,False,Default,Default,Default,Default,Default,Default,11111111111111111111111111111111,Empty,RyuJit,X64,8c5e7fda-e8bf-4a96-9a85-a6e23a8c635c,.NET 6.0,False,True,False,True,Default,Default,False,False,False,Default,Default,Default,Default,Default,Default,Default,1,4,Default,1,Default,Default,Default,Default,Default,Default,1,2,1000000,3.818 s,0.0696 s,0.0108 s,261000.0000,93000.0000,6000.0000,"2,055 MB"
FileHelpers,Job-OBYGAO,False,Default,Default,Default,Default,Default,Default,11111111111111111111111111111111,Empty,RyuJit,X64,8c5e7fda-e8bf-4a96-9a85-a6e23a8c635c,.NET 6.0,False,True,False,True,Default,Default,False,False,False,Default,Default,Default,Default,Default,Default,Default,1,4,Default,1,Default,Default,Default,Default,Default,Default,1,2,1000000,4.670 s,0.1481 s,0.0229 s,300000.0000,106000.0000,6000.0000,"2,367 MB"
FlatFiles,Job-OBYGAO,False,Default,Default,Default,Default,Default,Default,11111111111111111111111111111111,Empty,RyuJit,X64,8c5e7fda-e8bf-4a96-9a85-a6e23a8c635c,.NET 6.0,False,True,False,True,Default,Default,False,False,False,Default,Default,Default,Default,Default,Default,Default,1,4,Default,1,Default,Default,Default,Default,Default,Default,1,2,1000000,7.911 s,0.1194 s,0.0185 s,395000.0000,111000.0000,7000.0000,"3,110 MB"
FluentCSV,Job-OBYGAO,False,Default,Default,Default,Default,Default,Default,11111111111111111111111111111111,Empty,RyuJit,X64,8c5e7fda-e8bf-4a96-9a85-a6e23a8c635c,.NET 6.0,False,True,False,True,Default,Default,False,False,False,Default,Default,Default,Default,Default,Default,Default,1,4,Default,1,Default,Default,Default,Default,Default,Default,1,2,1000000,3.079 s,0.1704 s,0.0264 s,297000.0000,105000.0000,6000.0000,"2,337 MB"
HomeGrown,Job-OBYGAO,False,Default,Default,Default,Default,Default,Default,11111111111111111111111111111111,Empty,RyuJit,X64,8c5e7fda-e8bf-4a96-9a85-a6e23a8c635c,.NET 6.0,False,True,False,True,Default,Default,False,False,False,Default,Default,Default,Default,Default,Default,Default,1,4,Default,1,Default,Default,Default,Default,Default,Default,1,2,1000000,3.954 s,0.1462 s,0.0226 s,151000.0000,80000.0000,6000.0000,"1,173 MB"
KBCsv,Job-OBYGAO,False,Default,Default,Default,Default,Default,Default,11111111111111111111111111111111,Empty,RyuJit,X64,8c5e7fda-e8bf-4a96-9a85-a6e23a8c635c,.NET 6.0,False,True,False,True,Default,Default,False,False,False,Default,Default,Default,Default,Default,Default,Default,1,4,Default,1,Default,Default,Default,Default,Default,Default,1,2,1000000,4.074 s,0.3554 s,0.0550 s,191000.0000,70000.0000,5000.0000,"1,501 MB"
LinqToCsv,Job-OBYGAO,False,Default,Default,Default,Default,Default,Default,11111111111111111111111111111111,Empty,RyuJit,X64,8c5e7fda-e8bf-4a96-9a85-a6e23a8c635c,.NET 6.0,False,True,False,True,Default,Default,False,False,False,Default,Default,Default,Default,Default,Default,Default,1,4,Default,1,Default,Default,Default,Default,Default,Default,1,2,1000000,5.536 s,0.0585 s,0.0091 s,713000.0000,189000.0000,9000.0000,"5,635 MB"
LumenWorksCsvReader,Job-OBYGAO,False,Default,Default,Default,Default,Default,Default,11111111111111111111111111111111,Empty,RyuJit,X64,8c5e7fda-e8bf-4a96-9a85-a6e23a8c635c,.NET 6.0,False,True,False,True,Default,Default,False,False,False,Default,Default,Default,Default,Default,Default,Default,1,4,Default,1,Default,Default,Default,Default,Default,Default,1,2,1000000,5.053 s,0.9776 s,0.1513 s,662000.0000,214000.0000,8000.0000,"5,235 MB"
mgholam_fastCSV,Job-OBYGAO,False,Default,Default,Default,Default,Default,Default,11111111111111111111111111111111,Empty,RyuJit,X64,8c5e7fda-e8bf-4a96-9a85-a6e23a8c635c,.NET 6.0,False,True,False,True,Default,Default,False,False,False,Default,Default,Default,Default,Default,Default,Default,1,4,Default,1,Default,Default,Default,Default,Default,Default,1,2,1000000,2.990 s,0.0637 s,0.0099 s,160000.0000,59000.0000,5000.0000,"1,261 MB"
Microsoft_ML,Job-OBYGAO,False,Default,Default,Default,Default,Default,Default,11111111111111111111111111111111,Empty,RyuJit,X64,8c5e7fda-e8bf-4a96-9a85-a6e23a8c635c,.NET 6.0,False,True,False,True,Default,Default,False,False,False,Default,Default,Default,Default,Default,Default,Default,1,4,Default,1,Default,Default,Default,Default,Default,Default,1,2,1000000,4.162 s,0.1420 s,0.0220 s,277000.0000,141000.0000,10000.0000,"2,058 MB"
Microsoft_Data_Analysis,Job-OBYGAO,False,Default,Default,Default,Default,Default,Default,11111111111111111111111111111111,Empty,RyuJit,X64,8c5e7fda-e8bf-4a96-9a85-a6e23a8c635c,.NET 6.0,False,True,False,True,Default,Default,False,False,False,Default,Default,Default,Default,Default,Default,Default,1,4,Default,1,Default,Default,Default,Default,Default,Default,1,2,1000000,12.631 s,0.1443 s,0.0223 s,1625000.0000,436000.0000,9000.0000,"13,311 MB"
Microsoft_VisualBasic_FileIO_TextFieldParser,Job-OBYGAO,False,Default,Default,Default,Default,Default,Default,11111111111111111111111111111111,Empty,RyuJit,X64,8c5e7fda-e8bf-4a96-9a85-a6e23a8c635c,.NET 6.0,False,True,False,True,Default,Default,False,False,False,Default,Default,Default,Default,Default,Default,Default,1,4,Default,1,Default,Default,Default,Default,Default,Default,1,2,1000000,18.335 s,0.1539 s,0.0238 s,6016000.0000,1344000.0000,9000.0000,"47,940 MB"
NReco_Csv,Job-OBYGAO,False,Default,Default,Default,Default,Default,Default,11111111111111111111111111111111,Empty,RyuJit,X64,8c5e7fda-e8bf-4a96-9a85-a6e23a8c635c,.NET 6.0,False,True,False,True,Default,Default,False,False,False,Default,Default,Default,Default,Default,Default,Default,1,4,Default,1,Default,Default,Default,Default,Default,Default,1,2,1000000,3.464 s,0.1474 s,0.0081 s,151000.0000,80000.0000,6000.0000,"1,174 MB"
Open_Text_CSV,Job-OBYGAO,False,Default,Default,Default,Default,Default,Default,11111111111111111111111111111111,Empty,RyuJit,X64,8c5e7fda-e8bf-4a96-9a85-a6e23a8c635c,.NET 6.0,False,True,False,True,Default,Default,False,False,False,Default,Default,Default,Default,Default,Default,Default,1,4,Default,1,Default,Default,Default,Default,Default,Default,1,2,1000000,13.297 s,0.2274 s,0.0352 s,2142000.0000,550000.0000,9000.0000,"17,030 MB"
RecordParser,Job-OBYGAO,False,Default,Default,Default,Default,Default,Default,11111111111111111111111111111111,Empty,RyuJit,X64,8c5e7fda-e8bf-4a96-9a85-a6e23a8c635c,.NET 6.0,False,True,False,True,Default,Default,False,False,False,Default,Default,Default,Default,Default,Default,Default,1,4,Default,1,Default,Default,Default,Default,Default,Default,1,2,1000000,1.806 s,0.0472 s,0.0073 s,33000.0000,18000.0000,3000.0000,261 MB
ServiceStack_Text,Job-OBYGAO,False,Default,Default,Default,Default,Default,Default,11111111111111111111111111111111,Empty,RyuJit,X64,8c5e7fda-e8bf-4a96-9a85-a6e23a8c635c,.NET 6.0,False,True,False,True,Default,Default,False,False,False,Default,Default,Default,Default,Default,Default,Default,1,4,Default,1,Default,Default,Default,Default,Default,Default,1,2,1000000,3.966 s,0.1918 s,0.0297 s,343000.0000,100000.0000,6000.0000,"2,703 MB"
Sky_Data_Csv,Job-OBYGAO,False,Default,Default,Default,Default,Default,Default,11111111111111111111111111111111,Empty,RyuJit,X64,8c5e7fda-e8bf-4a96-9a85-a6e23a8c635c,.NET 6.0,False,True,False,True,Default,Default,False,False,False,Default,Default,Default,Default,Default,Default,Default,1,4,Default,1,Default,Default,Default,Default,Default,Default,1,2,1000000,3.586 s,0.0419 s,0.0065 s,292000.0000,103000.0000,6000.0000,"2,304 MB"
string_Split,Job-OBYGAO,False,Default,Default,Default,Default,Default,Default,11111111111111111111111111111111,Empty,RyuJit,X64,8c5e7fda-e8bf-4a96-9a85-a6e23a8c635c,.NET 6.0,False,True,False,True,Default,Default,False,False,False,Default,Default,Default,Default,Default,Default,Default,1,4,Default,1,Default,Default,Default,Default,Default,Default,1,2,1000000,2.932 s,0.0994 s,0.0154 s,297000.0000,105000.0000,6000.0000,"2,337 MB"
SoftCircuits_CsvParser,Job-OBYGAO,False,Default,Default,Default,Default,Default,Default,11111111111111111111111111111111,Empty,RyuJit,X64,8c5e7fda-e8bf-4a96-9a85-a6e23a8c635c,.NET 6.0,False,True,False,True,Default,Default,False,False,False,Default,Default,Default,Default,Default,Default,Default,1,4,Default,1,Default,Default,Default,Default,Default,Default,1,2,1000000,3.232 s,0.0668 s,0.0037 s,263000.0000,93000.0000,6000.0000,"2,070 MB"
Sylvan_Data_Csv,Job-OBYGAO,False,Default,Default,Default,Default,Default,Default,11111111111111111111111111111111,Empty,RyuJit,X64,8c5e7fda-e8bf-4a96-9a85-a6e23a8c635c,.NET 6.0,False,True,False,True,Default,Default,False,False,False,Default,Default,Default,Default,Default,Default,Default,1,4,Default,1,Default,Default,Default,Default,Default,Default,1,2,1000000,1.393 s,0.0247 s,0.0038 s,33000.0000,18000.0000,3000.0000,261 MB
TinyCsvReader,Job-OBYGAO,False,Default,Default,Default,Default,Default,Default,11111111111111111111111111111111,Empty,RyuJit,X64,8c5e7fda-e8bf-4a96-9a85-a6e23a8c635c,.NET 6.0,False,True,False,True,Default,Default,False,False,False,Default,Default,Default,Default,Default,Default,Default,1,4,Default,1,Default,Default,Default,Default,Default,Default,1,2,1000000,6.770 s,0.2980 s,0.0461 s,822000.0000,216000.0000,8000.0000,"6,513 MB"
TxtCsvHelper,Job-OBYGAO,False,Default,Default,Default,Default,Default,Default,11111111111111111111111111111111,Empty,RyuJit,X64,8c5e7fda-e8bf-4a96-9a85-a6e23a8c635c,.NET 6.0,False,True,False,True,Default,Default,False,False,False,Default,Default,Default,Default,Default,Default,Default,1,4,Default,1,Default,Default,Default,Default,Default,Default,1,2,1000000,3.248 s,0.2071 s,0.0321 s,331000.0000,91000.0000,6000.0000,"2,611 MB"
