Method,Job,AnalyzeLaunchVariance,EvaluateOverhead,MaxAbsoluteError,MaxRelativeError,MinInvokeCount,MinIterationTime,OutlierMode,Affinity,EnvironmentVariables,Jit,Platform,PowerPlanMode,Runtime,AllowVeryLargeObjects,Concurrent,CpuGroups,Force,HeapAffinitizeMask,HeapCount,NoAffinitize,RetainVm,Server,Arguments,BuildConfiguration,Clock,EngineFactory,NuGetReferences,Toolchain,IsMutator,InvocationCount,IterationCount,IterationTime,LaunchCount,MaxIterationCount,MaxWarmupIterationCount,MemoryRandomization,MinIterationCount,MinWarmupIterationCount,RunStrategy,UnrollFactor,WarmupCount,LineCount,Mean,Error,StdDev,Median,Gen 0,Gen 1,Gen 2,Allocated
ChoEtl,DefaultJob,False,Default,Default,Default,Default,Default,Default,11111111111111111111111111111111,Empty,RyuJit,X64,8c5e7fda-e8bf-4a96-9a85-a6e23a8c635c,.NET 5.0,False,True,False,True,Default,Default,False,False,False,Default,Default,Default,Default,Default,Default,Default,1,Default,Default,Default,Default,Default,Default,Default,Default,Default,16,Default,0,96.55 μs,1.845 μs,2.051 μs,95.80 μs,0.0000,0.0000,0.0000,12 KB
CommonLibrary_Net,DefaultJob,False,Default,Default,Default,Default,Default,Default,11111111111111111111111111111111,Empty,RyuJit,X64,8c5e7fda-e8bf-4a96-9a85-a6e23a8c635c,.NET 5.0,False,True,False,True,Default,Default,False,False,False,Default,Default,Default,Default,Default,Default,Default,1,Default,Default,Default,Default,Default,Default,Default,Default,Default,16,Default,0,26.37 μs,0.183 μs,0.171 μs,26.38 μs,0.5493,0.2747,0.0000,5 KB
Csv,DefaultJob,False,Default,Default,Default,Default,Default,Default,11111111111111111111111111111111,Empty,RyuJit,X64,8c5e7fda-e8bf-4a96-9a85-a6e23a8c635c,.NET 5.0,False,True,False,True,Default,Default,False,False,False,Default,Default,Default,Default,Default,Default,Default,1,Default,Default,Default,Default,Default,Default,Default,Default,Default,16,Default,0,26.35 μs,0.151 μs,0.134 μs,26.32 μs,0.5493,0.2747,0.0000,5 KB
CSVFile,DefaultJob,False,Default,Default,Default,Default,Default,Default,11111111111111111111111111111111,Empty,RyuJit,X64,8c5e7fda-e8bf-4a96-9a85-a6e23a8c635c,.NET 5.0,False,True,False,True,Default,Default,False,False,False,Default,Default,Default,Default,Default,Default,Default,1,Default,Default,Default,Default,Default,Default,Default,Default,Default,16,Default,0,26.28 μs,0.109 μs,0.102 μs,26.31 μs,0.5493,0.2747,0.0000,5 KB
CsvHelper,DefaultJob,False,Default,Default,Default,Default,Default,Default,11111111111111111111111111111111,Empty,RyuJit,X64,8c5e7fda-e8bf-4a96-9a85-a6e23a8c635c,.NET 5.0,False,True,False,True,Default,Default,False,False,False,Default,Default,Default,Default,Default,Default,Default,1,Default,Default,Default,Default,Default,Default,Default,Default,Default,16,Default,0,30.65 μs,0.106 μs,0.099 μs,30.66 μs,2.8687,1.4343,0.0000,24 KB
CsvTextFieldParser,DefaultJob,False,Default,Default,Default,Default,Default,Default,11111111111111111111111111111111,Empty,RyuJit,X64,8c5e7fda-e8bf-4a96-9a85-a6e23a8c635c,.NET 5.0,False,True,False,True,Default,Default,False,False,False,Default,Default,Default,Default,Default,Default,Default,1,Default,Default,Default,Default,Default,Default,Default,Default,Default,16,Default,0,25.89 μs,0.098 μs,0.087 μs,25.88 μs,0.5493,0.2747,0.0000,5 KB
CsvTools,DefaultJob,False,Default,Default,Default,Default,Default,Default,11111111111111111111111111111111,Empty,RyuJit,X64,8c5e7fda-e8bf-4a96-9a85-a6e23a8c635c,.NET 5.0,False,True,False,True,Default,Default,False,False,False,Default,Default,Default,Default,Default,Default,Default,1,Default,Default,Default,Default,Default,Default,Default,Default,Default,16,Default,0,31.05 μs,0.186 μs,0.165 μs,31.05 μs,0.1526,0.0916,0.0000,1 KB
Ctl_Data,DefaultJob,False,Default,Default,Default,Default,Default,Default,11111111111111111111111111111111,Empty,RyuJit,X64,8c5e7fda-e8bf-4a96-9a85-a6e23a8c635c,.NET 5.0,False,True,False,True,Default,Default,False,False,False,Default,Default,Default,Default,Default,Default,Default,1,Default,Default,Default,Default,Default,Default,Default,Default,Default,16,Default,0,25.30 μs,0.215 μs,0.201 μs,25.29 μs,1.5259,0.7629,0.0000,13 KB
Cursively,DefaultJob,False,Default,Default,Default,Default,Default,Default,11111111111111111111111111111111,Empty,RyuJit,X64,8c5e7fda-e8bf-4a96-9a85-a6e23a8c635c,.NET 5.0,False,True,False,True,Default,Default,False,False,False,Default,Default,Default,Default,Default,Default,Default,1,Default,Default,Default,Default,Default,Default,Default,Default,Default,16,Default,0,28.34 μs,0.122 μs,0.108 μs,28.31 μs,0.4272,0.2136,0.0000,4 KB
FastCsvParser,DefaultJob,False,Default,Default,Default,Default,Default,Default,11111111111111111111111111111111,Empty,RyuJit,X64,8c5e7fda-e8bf-4a96-9a85-a6e23a8c635c,.NET 5.0,False,True,False,True,Default,Default,False,False,False,Default,Default,Default,Default,Default,Default,Default,1,Default,Default,Default,Default,Default,Default,Default,Default,Default,16,Default,0,36.39 μs,0.100 μs,0.094 μs,36.41 μs,46.7529,41.5649,38.0859,196 KB
FlatFiles,DefaultJob,False,Default,Default,Default,Default,Default,Default,11111111111111111111111111111111,Empty,RyuJit,X64,8c5e7fda-e8bf-4a96-9a85-a6e23a8c635c,.NET 5.0,False,True,False,True,Default,Default,False,False,False,Default,Default,Default,Default,Default,Default,Default,1,Default,Default,Default,Default,Default,Default,Default,Default,Default,16,Default,0,26.09 μs,0.147 μs,0.138 μs,26.14 μs,1.6174,0.8240,0.0000,13 KB
FluentCsv,DefaultJob,False,Default,Default,Default,Default,Default,Default,11111111111111111111111111111111,Empty,RyuJit,X64,8c5e7fda-e8bf-4a96-9a85-a6e23a8c635c,.NET 5.0,False,True,False,True,Default,Default,False,False,False,Default,Default,Default,Default,Default,Default,Default,1,Default,Default,Default,Default,Default,Default,Default,Default,Default,16,Default,0,26.00 μs,0.362 μs,0.356 μs,25.87 μs,0.5188,0.2441,0.0000,4 KB
HomeGrown,DefaultJob,False,Default,Default,Default,Default,Default,Default,11111111111111111111111111111111,Empty,RyuJit,X64,8c5e7fda-e8bf-4a96-9a85-a6e23a8c635c,.NET 5.0,False,True,False,True,Default,Default,False,False,False,Default,Default,Default,Default,Default,Default,Default,1,Default,Default,Default,Default,Default,Default,Default,Default,Default,16,Default,0,28.55 μs,0.552 μs,0.809 μs,28.67 μs,0.5493,0.2747,0.0000,5 KB
LinqToCsv,DefaultJob,False,Default,Default,Default,Default,Default,Default,11111111111111111111111111111111,Empty,RyuJit,X64,8c5e7fda-e8bf-4a96-9a85-a6e23a8c635c,.NET 5.0,False,True,False,True,Default,Default,False,False,False,Default,Default,Default,Default,Default,Default,Default,1,Default,Default,Default,Default,Default,Default,Default,Default,Default,16,Default,0,30.14 μs,0.249 μs,0.233 μs,30.16 μs,1.6479,0.8240,0.0000,14 KB
LumenWorksCsvReader,DefaultJob,False,Default,Default,Default,Default,Default,Default,11111111111111111111111111111111,Empty,RyuJit,X64,8c5e7fda-e8bf-4a96-9a85-a6e23a8c635c,.NET 5.0,False,True,False,True,Default,Default,False,False,False,Default,Default,Default,Default,Default,Default,Default,1,Default,Default,Default,Default,Default,Default,Default,Default,Default,16,Default,0,28.10 μs,0.368 μs,0.345 μs,28.03 μs,1.5564,0.7935,0.0000,13 KB
mgholam_fastCSV,DefaultJob,False,Default,Default,Default,Default,Default,Default,11111111111111111111111111111111,Empty,RyuJit,X64,8c5e7fda-e8bf-4a96-9a85-a6e23a8c635c,.NET 5.0,False,True,False,True,Default,Default,False,False,False,Default,Default,Default,Default,Default,Default,Default,1,Default,Default,Default,Default,Default,Default,Default,Default,Default,16,Default,0,40.90 μs,0.808 μs,1.595 μs,40.40 μs,48.2178,41.9922,37.7808,211 KB
Microsoft_VisualBasic_FileIO_TextFieldParser,DefaultJob,False,Default,Default,Default,Default,Default,Default,11111111111111111111111111111111,Empty,RyuJit,X64,8c5e7fda-e8bf-4a96-9a85-a6e23a8c635c,.NET 5.0,False,True,False,True,Default,Default,False,False,False,Default,Default,Default,Default,Default,Default,Default,1,Default,Default,Default,Default,Default,Default,Default,Default,Default,16,Default,0,33.41 μs,0.298 μs,0.279 μs,33.43 μs,3.7231,1.8921,0.0000,31 KB
NReco_Csv,DefaultJob,False,Default,Default,Default,Default,Default,Default,11111111111111111111111111111111,Empty,RyuJit,X64,8c5e7fda-e8bf-4a96-9a85-a6e23a8c635c,.NET 5.0,False,True,False,True,Default,Default,False,False,False,Default,Default,Default,Default,Default,Default,Default,1,Default,Default,Default,Default,Default,Default,Default,Default,Default,16,Default,0,28.59 μs,0.242 μs,0.226 μs,28.58 μs,10.2844,2.7161,0.0000,85 KB
ServiceStack_Text,DefaultJob,False,Default,Default,Default,Default,Default,Default,11111111111111111111111111111111,Empty,RyuJit,X64,8c5e7fda-e8bf-4a96-9a85-a6e23a8c635c,.NET 5.0,False,True,False,True,Default,Default,False,False,False,Default,Default,Default,Default,Default,Default,Default,1,Default,Default,Default,Default,Default,Default,Default,Default,Default,16,Default,0,25.86 μs,0.158 μs,0.148 μs,25.86 μs,0.5188,0.2441,0.0000,4 KB
Sky_Data_Csv,DefaultJob,False,Default,Default,Default,Default,Default,Default,11111111111111111111111111111111,Empty,RyuJit,X64,8c5e7fda-e8bf-4a96-9a85-a6e23a8c635c,.NET 5.0,False,True,False,True,Default,Default,False,False,False,Default,Default,Default,Default,Default,Default,Default,1,Default,Default,Default,Default,Default,Default,Default,Default,Default,16,Default,0,62.91 μs,1.245 μs,1.433 μs,62.59 μs,31.9824,29.6631,20.0195,354 KB
string_Split,DefaultJob,False,Default,Default,Default,Default,Default,Default,11111111111111111111111111111111,Empty,RyuJit,X64,8c5e7fda-e8bf-4a96-9a85-a6e23a8c635c,.NET 5.0,False,True,False,True,Default,Default,False,False,False,Default,Default,Default,Default,Default,Default,Default,1,Default,Default,Default,Default,Default,Default,Default,Default,Default,16,Default,0,25.94 μs,0.165 μs,0.155 μs,25.91 μs,0.5188,0.2441,0.0000,4 KB
SoftCircuits_CsvParser,DefaultJob,False,Default,Default,Default,Default,Default,Default,11111111111111111111111111111111,Empty,RyuJit,X64,8c5e7fda-e8bf-4a96-9a85-a6e23a8c635c,.NET 5.0,False,True,False,True,Default,Default,False,False,False,Default,Default,Default,Default,Default,Default,Default,1,Default,Default,Default,Default,Default,Default,Default,Default,Default,16,Default,0,26.36 μs,0.128 μs,0.113 μs,26.37 μs,0.5798,0.2747,0.0000,5 KB
Sylvan_Data_Csv,DefaultJob,False,Default,Default,Default,Default,Default,Default,11111111111111111111111111111111,Empty,RyuJit,X64,8c5e7fda-e8bf-4a96-9a85-a6e23a8c635c,.NET 5.0,False,True,False,True,Default,Default,False,False,False,Default,Default,Default,Default,Default,Default,Default,1,Default,Default,Default,Default,Default,Default,Default,Default,Default,16,Default,0,27.50 μs,0.175 μs,0.155 μs,27.50 μs,0.8545,0.4272,0.0000,7 KB
TinyCsvReader,DefaultJob,False,Default,Default,Default,Default,Default,Default,11111111111111111111111111111111,Empty,RyuJit,X64,8c5e7fda-e8bf-4a96-9a85-a6e23a8c635c,.NET 5.0,False,True,False,True,Default,Default,False,False,False,Default,Default,Default,Default,Default,Default,Default,1,Default,Default,Default,Default,Default,Default,Default,Default,Default,16,Default,0,26.25 μs,0.087 μs,0.082 μs,26.26 μs,0.5493,0.2747,0.0000,5 KB
ChoEtl,DefaultJob,False,Default,Default,Default,Default,Default,Default,11111111111111111111111111111111,Empty,RyuJit,X64,8c5e7fda-e8bf-4a96-9a85-a6e23a8c635c,.NET 5.0,False,True,False,True,Default,Default,False,False,False,Default,Default,Default,Default,Default,Default,Default,1,Default,Default,Default,Default,Default,Default,Default,Default,Default,16,Default,1,262.79 μs,0.423 μs,0.396 μs,262.80 μs,9.7656,4.8828,0.0000,82 KB
CommonLibrary_Net,DefaultJob,False,Default,Default,Default,Default,Default,Default,11111111111111111111111111111111,Empty,RyuJit,X64,8c5e7fda-e8bf-4a96-9a85-a6e23a8c635c,.NET 5.0,False,True,False,True,Default,Default,False,False,False,Default,Default,Default,Default,Default,Default,Default,1,Default,Default,Default,Default,Default,Default,Default,Default,Default,16,Default,1,47.55 μs,0.132 μs,0.123 μs,47.57 μs,2.9907,1.5259,0.0000,25 KB
Csv,DefaultJob,False,Default,Default,Default,Default,Default,Default,11111111111111111111111111111111,Empty,RyuJit,X64,8c5e7fda-e8bf-4a96-9a85-a6e23a8c635c,.NET 5.0,False,True,False,True,Default,Default,False,False,False,Default,Default,Default,Default,Default,Default,Default,1,Default,Default,Default,Default,Default,Default,Default,Default,Default,16,Default,1,69.00 μs,0.256 μs,0.227 μs,68.96 μs,3.4180,1.7090,0.0000,28 KB
CSVFile,DefaultJob,False,Default,Default,Default,Default,Default,Default,11111111111111111111111111111111,Empty,RyuJit,X64,8c5e7fda-e8bf-4a96-9a85-a6e23a8c635c,.NET 5.0,False,True,False,True,Default,Default,False,False,False,Default,Default,Default,Default,Default,Default,Default,1,Default,Default,Default,Default,Default,Default,Default,Default,Default,16,Default,1,30.55 μs,0.162 μs,0.152 μs,30.57 μs,1.0986,0.5493,0.0000,9 KB
CsvHelper,DefaultJob,False,Default,Default,Default,Default,Default,Default,11111111111111111111111111111111,Empty,RyuJit,X64,8c5e7fda-e8bf-4a96-9a85-a6e23a8c635c,.NET 5.0,False,True,False,True,Default,Default,False,False,False,Default,Default,Default,Default,Default,Default,Default,1,Default,Default,Default,Default,Default,Default,Default,Default,Default,16,Default,1,35.39 μs,0.104 μs,0.081 μs,35.43 μs,2.9907,1.5259,0.0000,25 KB
CsvTextFieldParser,DefaultJob,False,Default,Default,Default,Default,Default,Default,11111111111111111111111111111111,Empty,RyuJit,X64,8c5e7fda-e8bf-4a96-9a85-a6e23a8c635c,.NET 5.0,False,True,False,True,Default,Default,False,False,False,Default,Default,Default,Default,Default,Default,Default,1,Default,Default,Default,Default,Default,Default,Default,Default,Default,16,Default,1,31.72 μs,0.191 μs,0.178 μs,31.73 μs,1.0376,0.4883,0.0000,9 KB
CsvTools,DefaultJob,False,Default,Default,Default,Default,Default,Default,11111111111111111111111111111111,Empty,RyuJit,X64,8c5e7fda-e8bf-4a96-9a85-a6e23a8c635c,.NET 5.0,False,True,False,True,Default,Default,False,False,False,Default,Default,Default,Default,Default,Default,Default,1,Default,Default,Default,Default,Default,Default,Default,Default,Default,16,Default,1,38.46 μs,0.169 μs,0.158 μs,38.48 μs,3.9673,1.4038,0.0000,33 KB
Ctl_Data,DefaultJob,False,Default,Default,Default,Default,Default,Default,11111111111111111111111111111111,Empty,RyuJit,X64,8c5e7fda-e8bf-4a96-9a85-a6e23a8c635c,.NET 5.0,False,True,False,True,Default,Default,False,False,False,Default,Default,Default,Default,Default,Default,Default,1,Default,Default,Default,Default,Default,Default,Default,Default,Default,16,Default,1,29.55 μs,0.114 μs,0.106 μs,29.56 μs,1.9226,0.9766,0.0000,16 KB
Cursively,DefaultJob,False,Default,Default,Default,Default,Default,Default,11111111111111111111111111111111,Empty,RyuJit,X64,8c5e7fda-e8bf-4a96-9a85-a6e23a8c635c,.NET 5.0,False,True,False,True,Default,Default,False,False,False,Default,Default,Default,Default,Default,Default,Default,1,Default,Default,Default,Default,Default,Default,Default,Default,Default,16,Default,1,32.57 μs,0.194 μs,0.182 μs,32.61 μs,0.6714,0.3662,0.0000,6 KB
FastCsvParser,DefaultJob,False,Default,Default,Default,Default,Default,Default,11111111111111111111111111111111,Empty,RyuJit,X64,8c5e7fda-e8bf-4a96-9a85-a6e23a8c635c,.NET 5.0,False,True,False,True,Default,Default,False,False,False,Default,Default,Default,Default,Default,Default,Default,1,Default,Default,Default,Default,Default,Default,Default,Default,Default,16,Default,1,46.67 μs,0.244 μs,0.228 μs,46.65 μs,47.3633,41.3818,38.0859,203 KB
FlatFiles,DefaultJob,False,Default,Default,Default,Default,Default,Default,11111111111111111111111111111111,Empty,RyuJit,X64,8c5e7fda-e8bf-4a96-9a85-a6e23a8c635c,.NET 5.0,False,True,False,True,Default,Default,False,False,False,Default,Default,Default,Default,Default,Default,Default,1,Default,Default,Default,Default,Default,Default,Default,Default,Default,16,Default,1,37.52 μs,0.322 μs,0.301 μs,37.60 μs,2.3193,1.1597,0.0000,19 KB
FluentCsv,DefaultJob,False,Default,Default,Default,Default,Default,Default,11111111111111111111111111111111,Empty,RyuJit,X64,8c5e7fda-e8bf-4a96-9a85-a6e23a8c635c,.NET 5.0,False,True,False,True,Default,Default,False,False,False,Default,Default,Default,Default,Default,Default,Default,1,Default,Default,Default,Default,Default,Default,Default,Default,Default,16,Default,1,29.28 μs,0.136 μs,0.120 μs,29.31 μs,0.7935,0.3967,0.0000,7 KB
HomeGrown,DefaultJob,False,Default,Default,Default,Default,Default,Default,11111111111111111111111111111111,Empty,RyuJit,X64,8c5e7fda-e8bf-4a96-9a85-a6e23a8c635c,.NET 5.0,False,True,False,True,Default,Default,False,False,False,Default,Default,Default,Default,Default,Default,Default,1,Default,Default,Default,Default,Default,Default,Default,Default,Default,16,Default,1,31.25 μs,0.157 μs,0.147 μs,31.28 μs,0.7935,0.3662,0.0000,7 KB
LinqToCsv,DefaultJob,False,Default,Default,Default,Default,Default,Default,11111111111111111111111111111111,Empty,RyuJit,X64,8c5e7fda-e8bf-4a96-9a85-a6e23a8c635c,.NET 5.0,False,True,False,True,Default,Default,False,False,False,Default,Default,Default,Default,Default,Default,Default,1,Default,Default,Default,Default,Default,Default,Default,Default,Default,16,Default,1,34.60 μs,0.133 μs,0.111 μs,34.63 μs,2.3804,1.2207,0.0000,20 KB
LumenWorksCsvReader,DefaultJob,False,Default,Default,Default,Default,Default,Default,11111111111111111111111111111111,Empty,RyuJit,X64,8c5e7fda-e8bf-4a96-9a85-a6e23a8c635c,.NET 5.0,False,True,False,True,Default,Default,False,False,False,Default,Default,Default,Default,Default,Default,Default,1,Default,Default,Default,Default,Default,Default,Default,Default,Default,16,Default,1,31.91 μs,0.234 μs,0.219 μs,31.90 μs,1.4648,0.7324,0.0000,12 KB
mgholam_fastCSV,DefaultJob,False,Default,Default,Default,Default,Default,Default,11111111111111111111111111111111,Empty,RyuJit,X64,8c5e7fda-e8bf-4a96-9a85-a6e23a8c635c,.NET 5.0,False,True,False,True,Default,Default,False,False,False,Default,Default,Default,Default,Default,Default,Default,1,Default,Default,Default,Default,Default,Default,Default,Default,Default,16,Default,1,41.02 μs,0.126 μs,0.118 μs,41.06 μs,48.8281,42.9688,38.2080,213 KB
Microsoft_VisualBasic_FileIO_TextFieldParser,DefaultJob,False,Default,Default,Default,Default,Default,Default,11111111111111111111111111111111,Empty,RyuJit,X64,8c5e7fda-e8bf-4a96-9a85-a6e23a8c635c,.NET 5.0,False,True,False,True,Default,Default,False,False,False,Default,Default,Default,Default,Default,Default,Default,1,Default,Default,Default,Default,Default,Default,Default,Default,Default,16,Default,1,71.68 μs,0.695 μs,0.650 μs,71.85 μs,11.2305,2.8076,0.0000,92 KB
NReco_Csv,DefaultJob,False,Default,Default,Default,Default,Default,Default,11111111111111111111111111111111,Empty,RyuJit,X64,8c5e7fda-e8bf-4a96-9a85-a6e23a8c635c,.NET 5.0,False,True,False,True,Default,Default,False,False,False,Default,Default,Default,Default,Default,Default,Default,1,Default,Default,Default,Default,Default,Default,Default,Default,Default,16,Default,1,32.27 μs,0.112 μs,0.100 μs,32.24 μs,10.6201,2.6245,0.0000,87 KB
ServiceStack_Text,DefaultJob,False,Default,Default,Default,Default,Default,Default,11111111111111111111111111111111,Empty,RyuJit,X64,8c5e7fda-e8bf-4a96-9a85-a6e23a8c635c,.NET 5.0,False,True,False,True,Default,Default,False,False,False,Default,Default,Default,Default,Default,Default,Default,1,Default,Default,Default,Default,Default,Default,Default,Default,Default,16,Default,1,30.06 μs,0.199 μs,0.177 μs,30.08 μs,0.8240,0.3967,0.0000,7 KB
Sky_Data_Csv,DefaultJob,False,Default,Default,Default,Default,Default,Default,11111111111111111111111111111111,Empty,RyuJit,X64,8c5e7fda-e8bf-4a96-9a85-a6e23a8c635c,.NET 5.0,False,True,False,True,Default,Default,False,False,False,Default,Default,Default,Default,Default,Default,Default,1,Default,Default,Default,Default,Default,Default,Default,Default,Default,16,Default,1,67.80 μs,1.220 μs,1.141 μs,67.68 μs,32.7148,30.8838,20.5078,356 KB
string_Split,DefaultJob,False,Default,Default,Default,Default,Default,Default,11111111111111111111111111111111,Empty,RyuJit,X64,8c5e7fda-e8bf-4a96-9a85-a6e23a8c635c,.NET 5.0,False,True,False,True,Default,Default,False,False,False,Default,Default,Default,Default,Default,Default,Default,1,Default,Default,Default,Default,Default,Default,Default,Default,Default,16,Default,1,29.15 μs,0.105 μs,0.093 μs,29.18 μs,0.7935,0.3967,0.0000,6 KB
SoftCircuits_CsvParser,DefaultJob,False,Default,Default,Default,Default,Default,Default,11111111111111111111111111111111,Empty,RyuJit,X64,8c5e7fda-e8bf-4a96-9a85-a6e23a8c635c,.NET 5.0,False,True,False,True,Default,Default,False,False,False,Default,Default,Default,Default,Default,Default,Default,1,Default,Default,Default,Default,Default,Default,Default,Default,Default,16,Default,1,29.50 μs,0.142 μs,0.133 μs,29.53 μs,0.8850,0.4578,0.0000,7 KB
Sylvan_Data_Csv,DefaultJob,False,Default,Default,Default,Default,Default,Default,11111111111111111111111111111111,Empty,RyuJit,X64,8c5e7fda-e8bf-4a96-9a85-a6e23a8c635c,.NET 5.0,False,True,False,True,Default,Default,False,False,False,Default,Default,Default,Default,Default,Default,Default,1,Default,Default,Default,Default,Default,Default,Default,Default,Default,16,Default,1,35.11 μs,0.121 μs,0.101 μs,35.11 μs,1.8311,0.9155,0.0000,15 KB
TinyCsvReader,DefaultJob,False,Default,Default,Default,Default,Default,Default,11111111111111111111111111111111,Empty,RyuJit,X64,8c5e7fda-e8bf-4a96-9a85-a6e23a8c635c,.NET 5.0,False,True,False,True,Default,Default,False,False,False,Default,Default,Default,Default,Default,Default,Default,1,Default,Default,Default,Default,Default,Default,Default,Default,Default,16,Default,1,32.89 μs,0.137 μs,0.121 μs,32.92 μs,1.2817,0.6714,0.0000,11 KB
ChoEtl,DefaultJob,False,Default,Default,Default,Default,Default,Default,11111111111111111111111111111111,Empty,RyuJit,X64,8c5e7fda-e8bf-4a96-9a85-a6e23a8c635c,.NET 5.0,False,True,False,True,Default,Default,False,False,False,Default,Default,Default,Default,Default,Default,Default,1,Default,Default,Default,Default,Default,Default,Default,Default,Default,16,Default,10,835.77 μs,2.511 μs,2.349 μs,835.77 μs,20.5078,9.7656,0.0000,170 KB
CommonLibrary_Net,DefaultJob,False,Default,Default,Default,Default,Default,Default,11111111111111111111111111111111,Empty,RyuJit,X64,8c5e7fda-e8bf-4a96-9a85-a6e23a8c635c,.NET 5.0,False,True,False,True,Default,Default,False,False,False,Default,Default,Default,Default,Default,Default,Default,1,Default,Default,Default,Default,Default,Default,Default,Default,Default,16,Default,10,194.46 μs,0.622 μs,0.582 μs,194.65 μs,19.7754,4.6387,0.0000,163 KB
Csv,DefaultJob,False,Default,Default,Default,Default,Default,Default,11111111111111111111111111111111,Empty,RyuJit,X64,8c5e7fda-e8bf-4a96-9a85-a6e23a8c635c,.NET 5.0,False,True,False,True,Default,Default,False,False,False,Default,Default,Default,Default,Default,Default,Default,1,Default,Default,Default,Default,Default,Default,Default,Default,Default,16,Default,10,231.46 μs,1.314 μs,1.165 μs,231.73 μs,14.6484,3.4180,0.0000,120 KB
CSVFile,DefaultJob,False,Default,Default,Default,Default,Default,Default,11111111111111111111111111111111,Empty,RyuJit,X64,8c5e7fda-e8bf-4a96-9a85-a6e23a8c635c,.NET 5.0,False,True,False,True,Default,Default,False,False,False,Default,Default,Default,Default,Default,Default,Default,1,Default,Default,Default,Default,Default,Default,Default,Default,Default,16,Default,10,54.44 μs,0.181 μs,0.169 μs,54.46 μs,6.4087,2.1362,0.0000,52 KB
CsvHelper,DefaultJob,False,Default,Default,Default,Default,Default,Default,11111111111111111111111111111111,Empty,RyuJit,X64,8c5e7fda-e8bf-4a96-9a85-a6e23a8c635c,.NET 5.0,False,True,False,True,Default,Default,False,False,False,Default,Default,Default,Default,Default,Default,Default,1,Default,Default,Default,Default,Default,Default,Default,Default,Default,16,Default,10,56.26 μs,0.351 μs,0.328 μs,56.17 μs,3.5400,1.7700,0.0000,29 KB
CsvTextFieldParser,DefaultJob,False,Default,Default,Default,Default,Default,Default,11111111111111111111111111111111,Empty,RyuJit,X64,8c5e7fda-e8bf-4a96-9a85-a6e23a8c635c,.NET 5.0,False,True,False,True,Default,Default,False,False,False,Default,Default,Default,Default,Default,Default,Default,1,Default,Default,Default,Default,Default,Default,Default,Default,Default,16,Default,10,60.35 μs,0.249 μs,0.233 μs,60.34 μs,5.7373,1.9531,0.0000,47 KB
CsvTools,DefaultJob,False,Default,Default,Default,Default,Default,Default,11111111111111111111111111111111,Empty,RyuJit,X64,8c5e7fda-e8bf-4a96-9a85-a6e23a8c635c,.NET 5.0,False,True,False,True,Default,Default,False,False,False,Default,Default,Default,Default,Default,Default,Default,1,Default,Default,Default,Default,Default,Default,Default,Default,Default,16,Default,10,83.59 μs,0.360 μs,0.337 μs,83.57 μs,6.3477,2.0752,0.0000,52 KB
Ctl_Data,DefaultJob,False,Default,Default,Default,Default,Default,Default,11111111111111111111111111111111,Empty,RyuJit,X64,8c5e7fda-e8bf-4a96-9a85-a6e23a8c635c,.NET 5.0,False,True,False,True,Default,Default,False,False,False,Default,Default,Default,Default,Default,Default,Default,1,Default,Default,Default,Default,Default,Default,Default,Default,Default,16,Default,10,41.84 μs,0.126 μs,0.105 μs,41.87 μs,4.5776,1.5259,0.0000,38 KB
Cursively,DefaultJob,False,Default,Default,Default,Default,Default,Default,11111111111111111111111111111111,Empty,RyuJit,X64,8c5e7fda-e8bf-4a96-9a85-a6e23a8c635c,.NET 5.0,False,True,False,True,Default,Default,False,False,False,Default,Default,Default,Default,Default,Default,Default,1,Default,Default,Default,Default,Default,Default,Default,Default,Default,16,Default,10,45.87 μs,0.128 μs,0.119 μs,45.90 μs,1.5869,0.7935,0.0000,13 KB
FastCsvParser,DefaultJob,False,Default,Default,Default,Default,Default,Default,11111111111111111111111111111111,Empty,RyuJit,X64,8c5e7fda-e8bf-4a96-9a85-a6e23a8c635c,.NET 5.0,False,True,False,True,Default,Default,False,False,False,Default,Default,Default,Default,Default,Default,Default,1,Default,Default,Default,Default,Default,Default,Default,Default,Default,16,Default,10,69.42 μs,0.194 μs,0.172 μs,69.42 μs,49.9268,41.9922,37.7197,228 KB
FlatFiles,DefaultJob,False,Default,Default,Default,Default,Default,Default,11111111111111111111111111111111,Empty,RyuJit,X64,8c5e7fda-e8bf-4a96-9a85-a6e23a8c635c,.NET 5.0,False,True,False,True,Default,Default,False,False,False,Default,Default,Default,Default,Default,Default,Default,1,Default,Default,Default,Default,Default,Default,Default,Default,Default,16,Default,10,102.59 μs,0.458 μs,0.428 μs,102.58 μs,5.8594,1.9531,0.0000,48 KB
FluentCsv,DefaultJob,False,Default,Default,Default,Default,Default,Default,11111111111111111111111111111111,Empty,RyuJit,X64,8c5e7fda-e8bf-4a96-9a85-a6e23a8c635c,.NET 5.0,False,True,False,True,Default,Default,False,False,False,Default,Default,Default,Default,Default,Default,Default,1,Default,Default,Default,Default,Default,Default,Default,Default,Default,16,Default,10,42.33 μs,0.268 μs,0.251 μs,42.36 μs,3.3569,1.7090,0.0000,28 KB
HomeGrown,DefaultJob,False,Default,Default,Default,Default,Default,Default,11111111111111111111111111111111,Empty,RyuJit,X64,8c5e7fda-e8bf-4a96-9a85-a6e23a8c635c,.NET 5.0,False,True,False,True,Default,Default,False,False,False,Default,Default,Default,Default,Default,Default,Default,1,Default,Default,Default,Default,Default,Default,Default,Default,Default,16,Default,10,56.18 μs,0.187 μs,0.175 μs,56.16 μs,2.1973,1.0986,0.0000,18 KB
LinqToCsv,DefaultJob,False,Default,Default,Default,Default,Default,Default,11111111111111111111111111111111,Empty,RyuJit,X64,8c5e7fda-e8bf-4a96-9a85-a6e23a8c635c,.NET 5.0,False,True,False,True,Default,Default,False,False,False,Default,Default,Default,Default,Default,Default,Default,1,Default,Default,Default,Default,Default,Default,Default,Default,Default,16,Default,10,72.15 μs,0.264 μs,0.247 μs,72.05 μs,8.6670,2.9297,0.0000,72 KB
LumenWorksCsvReader,DefaultJob,False,Default,Default,Default,Default,Default,Default,11111111111111111111111111111111,Empty,RyuJit,X64,8c5e7fda-e8bf-4a96-9a85-a6e23a8c635c,.NET 5.0,False,True,False,True,Default,Default,False,False,False,Default,Default,Default,Default,Default,Default,Default,1,Default,Default,Default,Default,Default,Default,Default,Default,Default,16,Default,10,57.77 μs,0.147 μs,0.130 μs,57.83 μs,7.9956,2.6855,0.0000,66 KB
mgholam_fastCSV,DefaultJob,False,Default,Default,Default,Default,Default,Default,11111111111111111111111111111111,Empty,RyuJit,X64,8c5e7fda-e8bf-4a96-9a85-a6e23a8c635c,.NET 5.0,False,True,False,True,Default,Default,False,False,False,Default,Default,Default,Default,Default,Default,Default,1,Default,Default,Default,Default,Default,Default,Default,Default,Default,16,Default,10,59.30 μs,0.205 μs,0.192 μs,59.35 μs,50.0488,43.7622,38.2080,224 KB
Microsoft_VisualBasic_FileIO_TextFieldParser,DefaultJob,False,Default,Default,Default,Default,Default,Default,11111111111111111111111111111111,Empty,RyuJit,X64,8c5e7fda-e8bf-4a96-9a85-a6e23a8c635c,.NET 5.0,False,True,False,True,Default,Default,False,False,False,Default,Default,Default,Default,Default,Default,Default,1,Default,Default,Default,Default,Default,Default,Default,Default,Default,16,Default,10,231.50 μs,0.650 μs,0.608 μs,231.57 μs,64.9414,8.3008,0.0000,530 KB
NReco_Csv,DefaultJob,False,Default,Default,Default,Default,Default,Default,11111111111111111111111111111111,Empty,RyuJit,X64,8c5e7fda-e8bf-4a96-9a85-a6e23a8c635c,.NET 5.0,False,True,False,True,Default,Default,False,False,False,Default,Default,Default,Default,Default,Default,Default,1,Default,Default,Default,Default,Default,Default,Default,Default,Default,16,Default,10,49.23 μs,0.195 μs,0.173 μs,49.25 μs,11.9019,0.0610,0.0000,98 KB
ServiceStack_Text,DefaultJob,False,Default,Default,Default,Default,Default,Default,11111111111111111111111111111111,Empty,RyuJit,X64,8c5e7fda-e8bf-4a96-9a85-a6e23a8c635c,.NET 5.0,False,True,False,True,Default,Default,False,False,False,Default,Default,Default,Default,Default,Default,Default,1,Default,Default,Default,Default,Default,Default,Default,Default,Default,16,Default,10,48.11 μs,0.217 μs,0.203 μs,48.11 μs,3.7842,1.8921,0.0000,31 KB
Sky_Data_Csv,DefaultJob,False,Default,Default,Default,Default,Default,Default,11111111111111111111111111111111,Empty,RyuJit,X64,8c5e7fda-e8bf-4a96-9a85-a6e23a8c635c,.NET 5.0,False,True,False,True,Default,Default,False,False,False,Default,Default,Default,Default,Default,Default,Default,1,Default,Default,Default,Default,Default,Default,Default,Default,Default,16,Default,10,87.39 μs,0.883 μs,0.826 μs,87.50 μs,38.3301,36.4990,23.6816,378 KB
string_Split,DefaultJob,False,Default,Default,Default,Default,Default,Default,11111111111111111111111111111111,Empty,RyuJit,X64,8c5e7fda-e8bf-4a96-9a85-a6e23a8c635c,.NET 5.0,False,True,False,True,Default,Default,False,False,False,Default,Default,Default,Default,Default,Default,Default,1,Default,Default,Default,Default,Default,Default,Default,Default,Default,16,Default,10,41.02 μs,0.152 μs,0.143 μs,41.04 μs,3.3569,1.7090,0.0000,28 KB
SoftCircuits_CsvParser,DefaultJob,False,Default,Default,Default,Default,Default,Default,11111111111111111111111111111111,Empty,RyuJit,X64,8c5e7fda-e8bf-4a96-9a85-a6e23a8c635c,.NET 5.0,False,True,False,True,Default,Default,False,False,False,Default,Default,Default,Default,Default,Default,Default,1,Default,Default,Default,Default,Default,Default,Default,Default,Default,16,Default,10,43.57 μs,0.187 μs,0.156 μs,43.58 μs,3.1128,1.5869,0.0000,26 KB
Sylvan_Data_Csv,DefaultJob,False,Default,Default,Default,Default,Default,Default,11111111111111111111111111111111,Empty,RyuJit,X64,8c5e7fda-e8bf-4a96-9a85-a6e23a8c635c,.NET 5.0,False,True,False,True,Default,Default,False,False,False,Default,Default,Default,Default,Default,Default,Default,1,Default,Default,Default,Default,Default,Default,Default,Default,Default,16,Default,10,49.30 μs,0.372 μs,0.348 μs,49.44 μs,3.0518,1.5259,0.0000,25 KB
TinyCsvReader,DefaultJob,False,Default,Default,Default,Default,Default,Default,11111111111111111111111111111111,Empty,RyuJit,X64,8c5e7fda-e8bf-4a96-9a85-a6e23a8c635c,.NET 5.0,False,True,False,True,Default,Default,False,False,False,Default,Default,Default,Default,Default,Default,Default,1,Default,Default,Default,Default,Default,Default,Default,Default,Default,16,Default,10,79.02 μs,0.185 μs,0.173 μs,79.03 μs,8.5449,2.1973,0.0000,70 KB
ChoEtl,DefaultJob,False,Default,Default,Default,Default,Default,Default,11111111111111111111111111111111,Empty,RyuJit,X64,8c5e7fda-e8bf-4a96-9a85-a6e23a8c635c,.NET 5.0,False,True,False,True,Default,Default,False,False,False,Default,Default,Default,Default,Default,Default,Default,1,Default,Default,Default,Default,Default,Default,Default,Default,Default,16,Default,100,"6,632.60 μs",28.020 μs,24.839 μs,"6,640.51 μs",125.0000,46.8750,0.0000,"1,063 KB"
CommonLibrary_Net,DefaultJob,False,Default,Default,Default,Default,Default,Default,11111111111111111111111111111111,Empty,RyuJit,X64,8c5e7fda-e8bf-4a96-9a85-a6e23a8c635c,.NET 5.0,False,True,False,True,Default,Default,False,False,False,Default,Default,Default,Default,Default,Default,Default,1,Default,Default,Default,Default,Default,Default,Default,Default,Default,16,Default,100,"1,718.72 μs",5.526 μs,4.315 μs,"1,717.07 μs",189.4531,66.4063,0.0000,"1,556 KB"
Csv,DefaultJob,False,Default,Default,Default,Default,Default,Default,11111111111111111111111111111111,Empty,RyuJit,X64,8c5e7fda-e8bf-4a96-9a85-a6e23a8c635c,.NET 5.0,False,True,False,True,Default,Default,False,False,False,Default,Default,Default,Default,Default,Default,Default,1,Default,Default,Default,Default,Default,Default,Default,Default,Default,16,Default,100,"1,926.58 μs",3.981 μs,3.529 μs,"1,926.18 μs",126.9531,31.2500,0.0000,"1,048 KB"
CSVFile,DefaultJob,False,Default,Default,Default,Default,Default,Default,11111111111111111111111111111111,Empty,RyuJit,X64,8c5e7fda-e8bf-4a96-9a85-a6e23a8c635c,.NET 5.0,False,True,False,True,Default,Default,False,False,False,Default,Default,Default,Default,Default,Default,Default,1,Default,Default,Default,Default,Default,Default,Default,Default,Default,16,Default,100,286.48 μs,0.836 μs,0.741 μs,286.69 μs,61.5234,15.1367,0.0000,503 KB
CsvHelper,DefaultJob,False,Default,Default,Default,Default,Default,Default,11111111111111111111111111111111,Empty,RyuJit,X64,8c5e7fda-e8bf-4a96-9a85-a6e23a8c635c,.NET 5.0,False,True,False,True,Default,Default,False,False,False,Default,Default,Default,Default,Default,Default,Default,1,Default,Default,Default,Default,Default,Default,Default,Default,Default,16,Default,100,255.27 μs,0.816 μs,0.682 μs,255.37 μs,8.3008,2.9297,0.0000,71 KB
CsvTextFieldParser,DefaultJob,False,Default,Default,Default,Default,Default,Default,11111111111111111111111111111111,Empty,RyuJit,X64,8c5e7fda-e8bf-4a96-9a85-a6e23a8c635c,.NET 5.0,False,True,False,True,Default,Default,False,False,False,Default,Default,Default,Default,Default,Default,Default,1,Default,Default,Default,Default,Default,Default,Default,Default,Default,16,Default,100,345.28 μs,3.028 μs,2.832 μs,344.33 μs,53.2227,13.1836,0.0000,437 KB
CsvTools,DefaultJob,False,Default,Default,Default,Default,Default,Default,11111111111111111111111111111111,Empty,RyuJit,X64,8c5e7fda-e8bf-4a96-9a85-a6e23a8c635c,.NET 5.0,False,True,False,True,Default,Default,False,False,False,Default,Default,Default,Default,Default,Default,Default,1,Default,Default,Default,Default,Default,Default,Default,Default,Default,16,Default,100,506.08 μs,3.045 μs,2.848 μs,505.72 μs,29.2969,7.8125,0.0000,246 KB
Ctl_Data,DefaultJob,False,Default,Default,Default,Default,Default,Default,11111111111111111111111111111111,Empty,RyuJit,X64,8c5e7fda-e8bf-4a96-9a85-a6e23a8c635c,.NET 5.0,False,True,False,True,Default,Default,False,False,False,Default,Default,Default,Default,Default,Default,Default,1,Default,Default,Default,Default,Default,Default,Default,Default,Default,16,Default,100,167.03 μs,0.480 μs,0.449 μs,167.04 μs,31.7383,8.7891,0.0000,260 KB
Cursively,DefaultJob,False,Default,Default,Default,Default,Default,Default,11111111111111111111111111111111,Empty,RyuJit,X64,8c5e7fda-e8bf-4a96-9a85-a6e23a8c635c,.NET 5.0,False,True,False,True,Default,Default,False,False,False,Default,Default,Default,Default,Default,Default,Default,1,Default,Default,Default,Default,Default,Default,Default,Default,Default,16,Default,100,177.09 μs,1.714 μs,1.519 μs,176.97 μs,8.7891,2.9297,0.0000,72 KB
FastCsvParser,DefaultJob,False,Default,Default,Default,Default,Default,Default,11111111111111111111111111111111,Empty,RyuJit,X64,8c5e7fda-e8bf-4a96-9a85-a6e23a8c635c,.NET 5.0,False,True,False,True,Default,Default,False,False,False,Default,Default,Default,Default,Default,Default,Default,1,Default,Default,Default,Default,Default,Default,Default,Default,Default,16,Default,100,260.46 μs,5.157 μs,6.522 μs,258.36 μs,73.7305,53.7109,38.0859,420 KB
FlatFiles,DefaultJob,False,Default,Default,Default,Default,Default,Default,11111111111111111111111111111111,Empty,RyuJit,X64,8c5e7fda-e8bf-4a96-9a85-a6e23a8c635c,.NET 5.0,False,True,False,True,Default,Default,False,False,False,Default,Default,Default,Default,Default,Default,Default,1,Default,Default,Default,Default,Default,Default,Default,Default,Default,16,Default,100,788.22 μs,3.334 μs,3.119 μs,789.07 μs,41.9922,10.7422,0.0000,343 KB
FluentCsv,DefaultJob,False,Default,Default,Default,Default,Default,Default,11111111111111111111111111111111,Empty,RyuJit,X64,8c5e7fda-e8bf-4a96-9a85-a6e23a8c635c,.NET 5.0,False,True,False,True,Default,Default,False,False,False,Default,Default,Default,Default,Default,Default,Default,1,Default,Default,Default,Default,Default,Default,Default,Default,Default,16,Default,100,179.81 μs,1.104 μs,0.979 μs,179.59 μs,30.2734,7.5684,0.0000,249 KB
HomeGrown,DefaultJob,False,Default,Default,Default,Default,Default,Default,11111111111111111111111111111111,Empty,RyuJit,X64,8c5e7fda-e8bf-4a96-9a85-a6e23a8c635c,.NET 5.0,False,True,False,True,Default,Default,False,False,False,Default,Default,Default,Default,Default,Default,Default,1,Default,Default,Default,Default,Default,Default,Default,Default,Default,16,Default,100,304.33 μs,1.617 μs,1.986 μs,304.36 μs,15.6250,4.8828,0.0000,129 KB
LinqToCsv,DefaultJob,False,Default,Default,Default,Default,Default,Default,11111111111111111111111111111111,Empty,RyuJit,X64,8c5e7fda-e8bf-4a96-9a85-a6e23a8c635c,.NET 5.0,False,True,False,True,Default,Default,False,False,False,Default,Default,Default,Default,Default,Default,Default,1,Default,Default,Default,Default,Default,Default,Default,Default,Default,16,Default,100,449.99 μs,2.070 μs,1.936 μs,449.99 μs,73.7305,18.0664,0.0000,603 KB
LumenWorksCsvReader,DefaultJob,False,Default,Default,Default,Default,Default,Default,11111111111111111111111111111111,Empty,RyuJit,X64,8c5e7fda-e8bf-4a96-9a85-a6e23a8c635c,.NET 5.0,False,True,False,True,Default,Default,False,False,False,Default,Default,Default,Default,Default,Default,Default,1,Default,Default,Default,Default,Default,Default,Default,Default,Default,16,Default,100,311.60 μs,0.551 μs,0.460 μs,311.60 μs,68.3594,17.0898,0.0000,561 KB
mgholam_fastCSV,DefaultJob,False,Default,Default,Default,Default,Default,Default,11111111111111111111111111111111,Empty,RyuJit,X64,8c5e7fda-e8bf-4a96-9a85-a6e23a8c635c,.NET 5.0,False,True,False,True,Default,Default,False,False,False,Default,Default,Default,Default,Default,Default,Default,1,Default,Default,Default,Default,Default,Default,Default,Default,Default,16,Default,100,184.90 μs,0.765 μs,0.716 μs,184.84 μs,64.4531,51.5137,38.5742,340 KB
Microsoft_VisualBasic_FileIO_TextFieldParser,DefaultJob,False,Default,Default,Default,Default,Default,Default,11111111111111111111111111111111,Empty,RyuJit,X64,8c5e7fda-e8bf-4a96-9a85-a6e23a8c635c,.NET 5.0,False,True,False,True,Default,Default,False,False,False,Default,Default,Default,Default,Default,Default,Default,1,Default,Default,Default,Default,Default,Default,Default,Default,Default,16,Default,100,"1,852.31 μs",3.456 μs,3.233 μs,"1,852.34 μs",619.1406,150.3906,0.0000,"5,062 KB"
NReco_Csv,DefaultJob,False,Default,Default,Default,Default,Default,Default,11111111111111111111111111111111,Empty,RyuJit,X64,8c5e7fda-e8bf-4a96-9a85-a6e23a8c635c,.NET 5.0,False,True,False,True,Default,Default,False,False,False,Default,Default,Default,Default,Default,Default,Default,1,Default,Default,Default,Default,Default,Default,Default,Default,Default,16,Default,100,212.01 μs,0.967 μs,0.904 μs,212.11 μs,25.3906,8.3008,0.0000,209 KB
ServiceStack_Text,DefaultJob,False,Default,Default,Default,Default,Default,Default,11111111111111111111111111111111,Empty,RyuJit,X64,8c5e7fda-e8bf-4a96-9a85-a6e23a8c635c,.NET 5.0,False,True,False,True,Default,Default,False,False,False,Default,Default,Default,Default,Default,Default,Default,1,Default,Default,Default,Default,Default,Default,Default,Default,Default,16,Default,100,237.42 μs,0.636 μs,0.564 μs,237.36 μs,34.9121,8.5449,0.0000,286 KB
Sky_Data_Csv,DefaultJob,False,Default,Default,Default,Default,Default,Default,11111111111111111111111111111111,Empty,RyuJit,X64,8c5e7fda-e8bf-4a96-9a85-a6e23a8c635c,.NET 5.0,False,True,False,True,Default,Default,False,False,False,Default,Default,Default,Default,Default,Default,Default,1,Default,Default,Default,Default,Default,Default,Default,Default,Default,16,Default,100,263.87 μs,3.055 μs,2.858 μs,264.35 μs,65.9180,47.3633,24.9023,594 KB
string_Split,DefaultJob,False,Default,Default,Default,Default,Default,Default,11111111111111111111111111111111,Empty,RyuJit,X64,8c5e7fda-e8bf-4a96-9a85-a6e23a8c635c,.NET 5.0,False,True,False,True,Default,Default,False,False,False,Default,Default,Default,Default,Default,Default,Default,1,Default,Default,Default,Default,Default,Default,Default,Default,Default,16,Default,100,173.56 μs,0.554 μs,0.518 μs,173.54 μs,30.2734,7.8125,0.0000,248 KB
SoftCircuits_CsvParser,DefaultJob,False,Default,Default,Default,Default,Default,Default,11111111111111111111111111111111,Empty,RyuJit,X64,8c5e7fda-e8bf-4a96-9a85-a6e23a8c635c,.NET 5.0,False,True,False,True,Default,Default,False,False,False,Default,Default,Default,Default,Default,Default,Default,1,Default,Default,Default,Default,Default,Default,Default,Default,Default,16,Default,100,193.15 μs,0.814 μs,0.762 μs,193.23 μs,27.0996,7.3242,0.0000,222 KB
Sylvan_Data_Csv,DefaultJob,False,Default,Default,Default,Default,Default,Default,11111111111111111111111111111111,Empty,RyuJit,X64,8c5e7fda-e8bf-4a96-9a85-a6e23a8c635c,.NET 5.0,False,True,False,True,Default,Default,False,False,False,Default,Default,Default,Default,Default,Default,Default,1,Default,Default,Default,Default,Default,Default,Default,Default,Default,16,Default,100,187.58 μs,1.321 μs,1.235 μs,187.65 μs,15.6250,5.3711,0.0000,128 KB
TinyCsvReader,DefaultJob,False,Default,Default,Default,Default,Default,Default,11111111111111111111111111111111,Empty,RyuJit,X64,8c5e7fda-e8bf-4a96-9a85-a6e23a8c635c,.NET 5.0,False,True,False,True,Default,Default,False,False,False,Default,Default,Default,Default,Default,Default,Default,1,Default,Default,Default,Default,Default,Default,Default,Default,Default,16,Default,100,530.31 μs,3.422 μs,3.201 μs,530.08 μs,83.9844,20.5078,0.0000,686 KB
ChoEtl,DefaultJob,False,Default,Default,Default,Default,Default,Default,11111111111111111111111111111111,Empty,RyuJit,X64,8c5e7fda-e8bf-4a96-9a85-a6e23a8c635c,.NET 5.0,False,True,False,True,Default,Default,False,False,False,Default,Default,Default,Default,Default,Default,Default,1,Default,Default,Default,Default,Default,Default,Default,Default,Default,16,Default,1000,"64,443.24 μs",513.030 μs,479.889 μs,"64,628.40 μs",1000.0000,0.0000,0.0000,"9,924 KB"
CommonLibrary_Net,DefaultJob,False,Default,Default,Default,Default,Default,Default,11111111111111111111111111111111,Empty,RyuJit,X64,8c5e7fda-e8bf-4a96-9a85-a6e23a8c635c,.NET 5.0,False,True,False,True,Default,Default,False,False,False,Default,Default,Default,Default,Default,Default,Default,1,Default,Default,Default,Default,Default,Default,Default,Default,Default,16,Default,1000,"20,760.08 μs",148.035 μs,138.472 μs,"20,768.56 μs",1875.0000,875.0000,125.0000,"15,094 KB"
Csv,DefaultJob,False,Default,Default,Default,Default,Default,Default,11111111111111111111111111111111,Empty,RyuJit,X64,8c5e7fda-e8bf-4a96-9a85-a6e23a8c635c,.NET 5.0,False,True,False,True,Default,Default,False,False,False,Default,Default,Default,Default,Default,Default,Default,1,Default,Default,Default,Default,Default,Default,Default,Default,Default,16,Default,1000,"18,544.09 μs",118.581 μs,105.119 μs,"18,547.79 μs",1250.0000,500.0000,0.0000,"10,238 KB"
CSVFile,DefaultJob,False,Default,Default,Default,Default,Default,Default,11111111111111111111111111111111,Empty,RyuJit,X64,8c5e7fda-e8bf-4a96-9a85-a6e23a8c635c,.NET 5.0,False,True,False,True,Default,Default,False,False,False,Default,Default,Default,Default,Default,Default,Default,1,Default,Default,Default,Default,Default,Default,Default,Default,Default,16,Default,1000,"2,761.49 μs",8.976 μs,7.957 μs,"2,761.46 μs",597.6563,203.1250,0.0000,"4,893 KB"
CsvHelper,DefaultJob,False,Default,Default,Default,Default,Default,Default,11111111111111111111111111111111,Empty,RyuJit,X64,8c5e7fda-e8bf-4a96-9a85-a6e23a8c635c,.NET 5.0,False,True,False,True,Default,Default,False,False,False,Default,Default,Default,Default,Default,Default,Default,1,Default,Default,Default,Default,Default,Default,Default,Default,Default,16,Default,1000,"2,273.93 μs",37.683 μs,33.405 μs,"2,277.85 μs",62.5000,23.4375,0.0000,541 KB
CsvTextFieldParser,DefaultJob,False,Default,Default,Default,Default,Default,Default,11111111111111111111111111111111,Empty,RyuJit,X64,8c5e7fda-e8bf-4a96-9a85-a6e23a8c635c,.NET 5.0,False,True,False,True,Default,Default,False,False,False,Default,Default,Default,Default,Default,Default,Default,1,Default,Default,Default,Default,Default,Default,Default,Default,Default,16,Default,1000,"3,360.77 μs",17.086 μs,15.983 μs,"3,361.18 μs",515.6250,226.5625,0.0000,"4,212 KB"
CsvTools,DefaultJob,False,Default,Default,Default,Default,Default,Default,11111111111111111111111111111111,Empty,RyuJit,X64,8c5e7fda-e8bf-4a96-9a85-a6e23a8c635c,.NET 5.0,False,True,False,True,Default,Default,False,False,False,Default,Default,Default,Default,Default,Default,Default,1,Default,Default,Default,Default,Default,Default,Default,Default,Default,16,Default,1000,"4,914.60 μs",17.838 μs,16.685 μs,"4,914.47 μs",257.8125,109.3750,0.0000,"2,153 KB"
Ctl_Data,DefaultJob,False,Default,Default,Default,Default,Default,Default,11111111111111111111111111111111,Empty,RyuJit,X64,8c5e7fda-e8bf-4a96-9a85-a6e23a8c635c,.NET 5.0,False,True,False,True,Default,Default,False,False,False,Default,Default,Default,Default,Default,Default,Default,1,Default,Default,Default,Default,Default,Default,Default,Default,Default,16,Default,1000,"1,516.62 μs",3.725 μs,3.111 μs,"1,517.15 μs",298.8281,105.4688,0.0000,"2,453 KB"
Cursively,DefaultJob,False,Default,Default,Default,Default,Default,Default,11111111111111111111111111111111,Empty,RyuJit,X64,8c5e7fda-e8bf-4a96-9a85-a6e23a8c635c,.NET 5.0,False,True,False,True,Default,Default,False,False,False,Default,Default,Default,Default,Default,Default,Default,1,Default,Default,Default,Default,Default,Default,Default,Default,Default,16,Default,1000,"1,436.91 μs",3.090 μs,2.580 μs,"1,435.83 μs",83.9844,33.2031,0.0000,690 KB
FastCsvParser,DefaultJob,False,Default,Default,Default,Default,Default,Default,11111111111111111111111111111111,Empty,RyuJit,X64,8c5e7fda-e8bf-4a96-9a85-a6e23a8c635c,.NET 5.0,False,True,False,True,Default,Default,False,False,False,Default,Default,Default,Default,Default,Default,Default,1,Default,Default,Default,Default,Default,Default,Default,Default,Default,16,Default,1000,"2,064.42 μs",26.572 μs,24.856 μs,"2,051.89 μs",335.9375,203.1250,70.3125,"2,429 KB"
FlatFiles,DefaultJob,False,Default,Default,Default,Default,Default,Default,11111111111111111111111111111111,Empty,RyuJit,X64,8c5e7fda-e8bf-4a96-9a85-a6e23a8c635c,.NET 5.0,False,True,False,True,Default,Default,False,False,False,Default,Default,Default,Default,Default,Default,Default,1,Default,Default,Default,Default,Default,Default,Default,Default,Default,16,Default,1000,"7,813.59 μs",36.779 μs,30.712 μs,"7,813.58 μs",390.6250,171.8750,0.0000,"3,195 KB"
FluentCsv,DefaultJob,False,Default,Default,Default,Default,Default,Default,11111111111111111111111111111111,Empty,RyuJit,X64,8c5e7fda-e8bf-4a96-9a85-a6e23a8c635c,.NET 5.0,False,True,False,True,Default,Default,False,False,False,Default,Default,Default,Default,Default,Default,Default,1,Default,Default,Default,Default,Default,Default,Default,Default,Default,16,Default,1000,"1,497.07 μs",14.781 μs,13.826 μs,"1,497.53 μs",292.9688,121.0938,0.0000,"2,391 KB"
HomeGrown,DefaultJob,False,Default,Default,Default,Default,Default,Default,11111111111111111111111111111111,Empty,RyuJit,X64,8c5e7fda-e8bf-4a96-9a85-a6e23a8c635c,.NET 5.0,False,True,False,True,Default,Default,False,False,False,Default,Default,Default,Default,Default,Default,Default,1,Default,Default,Default,Default,Default,Default,Default,Default,Default,16,Default,1000,"2,684.27 μs",14.896 μs,13.934 μs,"2,687.14 μs",144.5313,66.4063,0.0000,"1,206 KB"
LinqToCsv,DefaultJob,False,Default,Default,Default,Default,Default,Default,11111111111111111111111111111111,Empty,RyuJit,X64,8c5e7fda-e8bf-4a96-9a85-a6e23a8c635c,.NET 5.0,False,True,False,True,Default,Default,False,False,False,Default,Default,Default,Default,Default,Default,Default,1,Default,Default,Default,Default,Default,Default,Default,Default,Default,16,Default,1000,"4,201.23 μs",28.966 μs,27.095 μs,"4,209.99 μs",703.1250,289.0625,0.0000,"5,753 KB"
LumenWorksCsvReader,DefaultJob,False,Default,Default,Default,Default,Default,Default,11111111111111111111111111111111,Empty,RyuJit,X64,8c5e7fda-e8bf-4a96-9a85-a6e23a8c635c,.NET 5.0,False,True,False,True,Default,Default,False,False,False,Default,Default,Default,Default,Default,Default,Default,1,Default,Default,Default,Default,Default,Default,Default,Default,Default,16,Default,1000,"2,964.52 μs",13.022 μs,11.544 μs,"2,965.83 μs",652.3438,312.5000,0.0000,"5,355 KB"
mgholam_fastCSV,DefaultJob,False,Default,Default,Default,Default,Default,Default,11111111111111111111111111111111,Empty,RyuJit,X64,8c5e7fda-e8bf-4a96-9a85-a6e23a8c635c,.NET 5.0,False,True,False,True,Default,Default,False,False,False,Default,Default,Default,Default,Default,Default,Default,1,Default,Default,Default,Default,Default,Default,Default,Default,Default,16,Default,1000,"1,395.92 μs",16.541 μs,15.472 μs,"1,392.23 μs",199.2188,113.2813,35.1563,"1,480 KB"
Microsoft_VisualBasic_FileIO_TextFieldParser,DefaultJob,False,Default,Default,Default,Default,Default,Default,11111111111111111111111111111111,Empty,RyuJit,X64,8c5e7fda-e8bf-4a96-9a85-a6e23a8c635c,.NET 5.0,False,True,False,True,Default,Default,False,False,False,Default,Default,Default,Default,Default,Default,Default,1,Default,Default,Default,Default,Default,Default,Default,Default,Default,16,Default,1000,"19,127.80 μs",105.532 μs,98.715 μs,"19,148.33 μs",5968.7500,625.0000,31.2500,"48,898 KB"
NReco_Csv,DefaultJob,False,Default,Default,Default,Default,Default,Default,11111111111111111111111111111111,Empty,RyuJit,X64,8c5e7fda-e8bf-4a96-9a85-a6e23a8c635c,.NET 5.0,False,True,False,True,Default,Default,False,False,False,Default,Default,Default,Default,Default,Default,Default,1,Default,Default,Default,Default,Default,Default,Default,Default,Default,16,Default,1000,"1,761.12 μs",6.444 μs,6.027 μs,"1,761.35 μs",156.2500,54.6875,0.0000,"1,286 KB"
ServiceStack_Text,DefaultJob,False,Default,Default,Default,Default,Default,Default,11111111111111111111111111111111,Empty,RyuJit,X64,8c5e7fda-e8bf-4a96-9a85-a6e23a8c635c,.NET 5.0,False,True,False,True,Default,Default,False,False,False,Default,Default,Default,Default,Default,Default,Default,1,Default,Default,Default,Default,Default,Default,Default,Default,Default,16,Default,1000,"2,127.27 μs",27.218 μs,25.460 μs,"2,124.44 μs",335.9375,152.3438,0.0000,"2,766 KB"
Sky_Data_Csv,DefaultJob,False,Default,Default,Default,Default,Default,Default,11111111111111111111111111111111,Empty,RyuJit,X64,8c5e7fda-e8bf-4a96-9a85-a6e23a8c635c,.NET 5.0,False,True,False,True,Default,Default,False,False,False,Default,Default,Default,Default,Default,Default,Default,1,Default,Default,Default,Default,Default,Default,Default,Default,Default,16,Default,1000,"2,064.59 μs",39.585 μs,51.472 μs,"2,074.55 μs",367.1875,222.6563,68.3594,"2,707 KB"
string_Split,DefaultJob,False,Default,Default,Default,Default,Default,Default,11111111111111111111111111111111,Empty,RyuJit,X64,8c5e7fda-e8bf-4a96-9a85-a6e23a8c635c,.NET 5.0,False,True,False,True,Default,Default,False,False,False,Default,Default,Default,Default,Default,Default,Default,1,Default,Default,Default,Default,Default,Default,Default,Default,Default,16,Default,1000,"1,493.12 μs",20.080 μs,16.768 μs,"1,494.54 μs",292.9688,121.0938,0.0000,"2,391 KB"
SoftCircuits_CsvParser,DefaultJob,False,Default,Default,Default,Default,Default,Default,11111111111111111111111111111111,Empty,RyuJit,X64,8c5e7fda-e8bf-4a96-9a85-a6e23a8c635c,.NET 5.0,False,True,False,True,Default,Default,False,False,False,Default,Default,Default,Default,Default,Default,Default,1,Default,Default,Default,Default,Default,Default,Default,Default,Default,16,Default,1000,"1,623.99 μs",4.013 μs,3.754 μs,"1,623.12 μs",257.8125,109.3750,0.0000,"2,119 KB"
Sylvan_Data_Csv,DefaultJob,False,Default,Default,Default,Default,Default,Default,11111111111111111111111111111111,Empty,RyuJit,X64,8c5e7fda-e8bf-4a96-9a85-a6e23a8c635c,.NET 5.0,False,True,False,True,Default,Default,False,False,False,Default,Default,Default,Default,Default,Default,Default,1,Default,Default,Default,Default,Default,Default,Default,Default,Default,16,Default,1000,"1,477.92 μs",5.746 μs,5.375 μs,"1,478.17 μs",103.5156,66.4063,35.1563,692 KB
TinyCsvReader,DefaultJob,False,Default,Default,Default,Default,Default,Default,11111111111111111111111111111111,Empty,RyuJit,X64,8c5e7fda-e8bf-4a96-9a85-a6e23a8c635c,.NET 5.0,False,True,False,True,Default,Default,False,False,False,Default,Default,Default,Default,Default,Default,Default,1,Default,Default,Default,Default,Default,Default,Default,Default,Default,16,Default,1000,"5,262.08 μs",46.410 μs,38.755 μs,"5,249.41 μs",812.5000,304.6875,0.0000,"6,647 KB"
ChoEtl,DefaultJob,False,Default,Default,Default,Default,Default,Default,11111111111111111111111111111111,Empty,RyuJit,X64,8c5e7fda-e8bf-4a96-9a85-a6e23a8c635c,.NET 5.0,False,True,False,True,Default,Default,False,False,False,Default,Default,Default,Default,Default,Default,Default,1,Default,Default,Default,Default,Default,Default,Default,Default,Default,16,Default,10000,"645,898.52 μs","3,171.672 μs","2,966.784 μs","646,043.40 μs",12000.0000,2000.0000,0.0000,"98,719 KB"
CommonLibrary_Net,DefaultJob,False,Default,Default,Default,Default,Default,Default,11111111111111111111111111111111,Empty,RyuJit,X64,8c5e7fda-e8bf-4a96-9a85-a6e23a8c635c,.NET 5.0,False,True,False,True,Default,Default,False,False,False,Default,Default,Default,Default,Default,Default,Default,1,Default,Default,Default,Default,Default,Default,Default,Default,Default,16,Default,10000,"278,115.96 μs","5,344.071 μs","11,842.092 μs","275,491.00 μs",19000.0000,7000.0000,2000.0000,"151,987 KB"
Csv,DefaultJob,False,Default,Default,Default,Default,Default,Default,11111111111111111111111111111111,Empty,RyuJit,X64,8c5e7fda-e8bf-4a96-9a85-a6e23a8c635c,.NET 5.0,False,True,False,True,Default,Default,False,False,False,Default,Default,Default,Default,Default,Default,Default,1,Default,Default,Default,Default,Default,Default,Default,Default,Default,16,Default,10000,"203,283.97 μs","3,251.906 μs","2,715.489 μs","203,623.00 μs",13333.3333,3000.0000,1333.3333,"102,428 KB"
CSVFile,DefaultJob,False,Default,Default,Default,Default,Default,Default,11111111111111111111111111111111,Empty,RyuJit,X64,8c5e7fda-e8bf-4a96-9a85-a6e23a8c635c,.NET 5.0,False,True,False,True,Default,Default,False,False,False,Default,Default,Default,Default,Default,Default,Default,1,Default,Default,Default,Default,Default,Default,Default,Default,Default,16,Default,10000,"47,146.50 μs",836.239 μs,782.218 μs,"47,488.58 μs",6833.3333,2250.0000,1000.0000,"49,234 KB"
CsvHelper,DefaultJob,False,Default,Default,Default,Default,Default,Default,11111111111111111111111111111111,Empty,RyuJit,X64,8c5e7fda-e8bf-4a96-9a85-a6e23a8c635c,.NET 5.0,False,True,False,True,Default,Default,False,False,False,Default,Default,Default,Default,Default,Default,Default,1,Default,Default,Default,Default,Default,Default,Default,Default,Default,16,Default,10000,"24,060.02 μs",60.971 μs,47.602 μs,"24,063.88 μs",437.5000,281.2500,93.7500,"3,206 KB"
CsvTextFieldParser,DefaultJob,False,Default,Default,Default,Default,Default,Default,11111111111111111111111111111111,Empty,RyuJit,X64,8c5e7fda-e8bf-4a96-9a85-a6e23a8c635c,.NET 5.0,False,True,False,True,Default,Default,False,False,False,Default,Default,Default,Default,Default,Default,Default,1,Default,Default,Default,Default,Default,Default,Default,Default,Default,16,Default,10000,"48,107.31 μs",912.094 μs,853.173 μs,"47,849.29 μs",5909.0909,2090.9091,909.0909,"42,432 KB"
CsvTools,DefaultJob,False,Default,Default,Default,Default,Default,Default,11111111111111111111111111111111,Empty,RyuJit,X64,8c5e7fda-e8bf-4a96-9a85-a6e23a8c635c,.NET 5.0,False,True,False,True,Default,Default,False,False,False,Default,Default,Default,Default,Default,Default,Default,1,Default,Default,Default,Default,Default,Default,Default,Default,Default,16,Default,10000,"66,920.95 μs","1,249.168 μs","1,226.850 μs","67,405.46 μs",3000.0000,1375.0000,500.0000,"21,366 KB"
Ctl_Data,DefaultJob,False,Default,Default,Default,Default,Default,Default,11111111111111111111111111111111,Empty,RyuJit,X64,8c5e7fda-e8bf-4a96-9a85-a6e23a8c635c,.NET 5.0,False,True,False,True,Default,Default,False,False,False,Default,Default,Default,Default,Default,Default,Default,1,Default,Default,Default,Default,Default,Default,Default,Default,Default,16,Default,10000,"38,350.33 μs",684.000 μs,913.121 μs,"38,550.16 μs",3857.1429,1857.1429,928.5714,"24,537 KB"
Cursively,DefaultJob,False,Default,Default,Default,Default,Default,Default,11111111111111111111111111111111,Empty,RyuJit,X64,8c5e7fda-e8bf-4a96-9a85-a6e23a8c635c,.NET 5.0,False,True,False,True,Default,Default,False,False,False,Default,Default,Default,Default,Default,Default,Default,1,Default,Default,Default,Default,Default,Default,Default,Default,Default,16,Default,10000,"16,144.23 μs",149.130 μs,139.497 μs,"16,137.20 μs",531.2500,250.0000,93.7500,"4,208 KB"
FastCsvParser,DefaultJob,False,Default,Default,Default,Default,Default,Default,11111111111111111111111111111111,Empty,RyuJit,X64,8c5e7fda-e8bf-4a96-9a85-a6e23a8c635c,.NET 5.0,False,True,False,True,Default,Default,False,False,False,Default,Default,Default,Default,Default,Default,Default,1,Default,Default,Default,Default,Default,Default,Default,Default,Default,16,Default,10000,"36,064.70 μs",446.166 μs,417.344 μs,"35,890.10 μs",2933.3333,1400.0000,533.3333,"21,477 KB"
FlatFiles,DefaultJob,False,Default,Default,Default,Default,Default,Default,11111111111111111111111111111111,Empty,RyuJit,X64,8c5e7fda-e8bf-4a96-9a85-a6e23a8c635c,.NET 5.0,False,True,False,True,Default,Default,False,False,False,Default,Default,Default,Default,Default,Default,Default,1,Default,Default,Default,Default,Default,Default,Default,Default,Default,16,Default,10000,"89,852.95 μs",449.382 μs,350.848 μs,"89,872.72 μs",4333.3333,1500.0000,500.0000,"31,976 KB"
FluentCsv,DefaultJob,False,Default,Default,Default,Default,Default,Default,11111111111111111111111111111111,Empty,RyuJit,X64,8c5e7fda-e8bf-4a96-9a85-a6e23a8c635c,.NET 5.0,False,True,False,True,Default,Default,False,False,False,Default,Default,Default,Default,Default,Default,Default,1,Default,Default,Default,Default,Default,Default,Default,Default,Default,16,Default,10000,"31,719.44 μs",113.010 μs,105.710 μs,"31,726.76 μs",3687.5000,1750.0000,812.5000,"24,037 KB"
HomeGrown,DefaultJob,False,Default,Default,Default,Default,Default,Default,11111111111111111111111111111111,Empty,RyuJit,X64,8c5e7fda-e8bf-4a96-9a85-a6e23a8c635c,.NET 5.0,False,True,False,True,Default,Default,False,False,False,Default,Default,Default,Default,Default,Default,Default,1,Default,Default,Default,Default,Default,Default,Default,Default,Default,16,Default,10000,"39,289.61 μs",645.743 μs,572.434 μs,"39,505.59 μs",1714.2857,1000.0000,357.1429,"12,121 KB"
LinqToCsv,DefaultJob,False,Default,Default,Default,Default,Default,Default,11111111111111111111111111111111,Empty,RyuJit,X64,8c5e7fda-e8bf-4a96-9a85-a6e23a8c635c,.NET 5.0,False,True,False,True,Default,Default,False,False,False,Default,Default,Default,Default,Default,Default,Default,1,Default,Default,Default,Default,Default,Default,Default,Default,Default,16,Default,10000,"69,576.84 μs",749.009 μs,663.977 μs,"69,526.48 μs",8000.0000,2750.0000,1250.0000,"57,836 KB"
LumenWorksCsvReader,DefaultJob,False,Default,Default,Default,Default,Default,Default,11111111111111111111111111111111,Empty,RyuJit,X64,8c5e7fda-e8bf-4a96-9a85-a6e23a8c635c,.NET 5.0,False,True,False,True,Default,Default,False,False,False,Default,Default,Default,Default,Default,Default,Default,1,Default,Default,Default,Default,Default,Default,Default,Default,Default,16,Default,10000,"50,219.69 μs",985.594 μs,"1,851.184 μs","50,268.70 μs",7363.6364,2454.5455,909.0909,"53,733 KB"
mgholam_fastCSV,DefaultJob,False,Default,Default,Default,Default,Default,Default,11111111111111111111111111111111,Empty,RyuJit,X64,8c5e7fda-e8bf-4a96-9a85-a6e23a8c635c,.NET 5.0,False,True,False,True,Default,Default,False,False,False,Default,Default,Default,Default,Default,Default,Default,1,Default,Default,Default,Default,Default,Default,Default,Default,Default,16,Default,10000,"21,148.00 μs",408.652 μs,401.351 μs,"21,257.77 μs",1687.5000,843.7500,218.7500,"12,927 KB"
Microsoft_VisualBasic_FileIO_TextFieldParser,DefaultJob,False,Default,Default,Default,Default,Default,Default,11111111111111111111111111111111,Empty,RyuJit,X64,8c5e7fda-e8bf-4a96-9a85-a6e23a8c635c,.NET 5.0,False,True,False,True,Default,Default,False,False,False,Default,Default,Default,Default,Default,Default,Default,1,Default,Default,Default,Default,Default,Default,Default,Default,Default,16,Default,10000,"225,137.01 μs","4,141.381 μs","3,873.851 μs","226,757.30 μs",62000.0000,7333.3333,2000.0000,"491,350 KB"
NReco_Csv,DefaultJob,False,Default,Default,Default,Default,Default,Default,11111111111111111111111111111111,Empty,RyuJit,X64,8c5e7fda-e8bf-4a96-9a85-a6e23a8c635c,.NET 5.0,False,True,False,True,Default,Default,False,False,False,Default,Default,Default,Default,Default,Default,Default,1,Default,Default,Default,Default,Default,Default,Default,Default,Default,16,Default,10000,"32,134.94 μs",205.001 μs,191.758 μs,"32,153.88 μs",1781.2500,1062.5000,375.0000,"12,206 KB"
ServiceStack_Text,DefaultJob,False,Default,Default,Default,Default,Default,Default,11111111111111111111111111111111,Empty,RyuJit,X64,8c5e7fda-e8bf-4a96-9a85-a6e23a8c635c,.NET 5.0,False,True,False,True,Default,Default,False,False,False,Default,Default,Default,Default,Default,Default,Default,1,Default,Default,Default,Default,Default,Default,Default,Default,Default,16,Default,10000,"41,724.75 μs",832.652 μs,"2,293.364 μs","41,753.53 μs",4250.0000,1916.6667,916.6667,"27,787 KB"
Sky_Data_Csv,DefaultJob,False,Default,Default,Default,Default,Default,Default,11111111111111111111111111111111,Empty,RyuJit,X64,8c5e7fda-e8bf-4a96-9a85-a6e23a8c635c,.NET 5.0,False,True,False,True,Default,Default,False,False,False,Default,Default,Default,Default,Default,Default,Default,1,Default,Default,Default,Default,Default,Default,Default,Default,Default,16,Default,10000,"36,755.52 μs",613.633 μs,573.993 μs,"37,013.39 μs",3571.4286,1714.2857,714.2857,"24,048 KB"
string_Split,DefaultJob,False,Default,Default,Default,Default,Default,Default,11111111111111111111111111111111,Empty,RyuJit,X64,8c5e7fda-e8bf-4a96-9a85-a6e23a8c635c,.NET 5.0,False,True,False,True,Default,Default,False,False,False,Default,Default,Default,Default,Default,Default,Default,1,Default,Default,Default,Default,Default,Default,Default,Default,Default,16,Default,10000,"31,164.95 μs",538.588 μs,503.795 μs,"30,874.67 μs",3687.5000,1750.0000,812.5000,"24,036 KB"
SoftCircuits_CsvParser,DefaultJob,False,Default,Default,Default,Default,Default,Default,11111111111111111111111111111111,Empty,RyuJit,X64,8c5e7fda-e8bf-4a96-9a85-a6e23a8c635c,.NET 5.0,False,True,False,True,Default,Default,False,False,False,Default,Default,Default,Default,Default,Default,Default,1,Default,Default,Default,Default,Default,Default,Default,Default,Default,16,Default,10000,"31,700.44 μs",116.449 μs,103.229 μs,"31,695.00 μs",3000.0000,1375.0000,562.5000,"21,303 KB"
Sylvan_Data_Csv,DefaultJob,False,Default,Default,Default,Default,Default,Default,11111111111111111111111111111111,Empty,RyuJit,X64,8c5e7fda-e8bf-4a96-9a85-a6e23a8c635c,.NET 5.0,False,True,False,True,Default,Default,False,False,False,Default,Default,Default,Default,Default,Default,Default,1,Default,Default,Default,Default,Default,Default,Default,Default,Default,16,Default,10000,"16,406.47 μs",65.760 μs,61.512 μs,"16,434.81 μs",406.2500,250.0000,93.7500,"3,390 KB"
TinyCsvReader,DefaultJob,False,Default,Default,Default,Default,Default,Default,11111111111111111111111111111111,Empty,RyuJit,X64,8c5e7fda-e8bf-4a96-9a85-a6e23a8c635c,.NET 5.0,False,True,False,True,Default,Default,False,False,False,Default,Default,Default,Default,Default,Default,Default,1,Default,Default,Default,Default,Default,Default,Default,Default,Default,16,Default,10000,"74,648.73 μs","1,443.827 μs","1,718.773 μs","74,807.39 μs",8857.1429,2571.4286,1000.0000,"66,823 KB"
ChoEtl,DefaultJob,False,Default,Default,Default,Default,Default,Default,11111111111111111111111111111111,Empty,RyuJit,X64,8c5e7fda-e8bf-4a96-9a85-a6e23a8c635c,.NET 5.0,False,True,False,True,Default,Default,False,False,False,Default,Default,Default,Default,Default,Default,Default,1,Default,Default,Default,Default,Default,Default,Default,Default,Default,16,Default,100000,"6,705,464.75 μs","19,930.724 μs","18,643.211 μs","6,705,404.00 μs",124000.0000,32000.0000,4000.0000,"985,853 KB"
CommonLibrary_Net,DefaultJob,False,Default,Default,Default,Default,Default,Default,11111111111111111111111111111111,Empty,RyuJit,X64,8c5e7fda-e8bf-4a96-9a85-a6e23a8c635c,.NET 5.0,False,True,False,True,Default,Default,False,False,False,Default,Default,Default,Default,Default,Default,Default,1,Default,Default,Default,Default,Default,Default,Default,Default,Default,16,Default,100000,"3,092,178.72 μs","59,981.223 μs","89,777.070 μs","3,139,059.65 μs",185000.0000,62000.0000,9000.0000,"1,517,144 KB"
Csv,DefaultJob,False,Default,Default,Default,Default,Default,Default,11111111111111111111111111111111,Empty,RyuJit,X64,8c5e7fda-e8bf-4a96-9a85-a6e23a8c635c,.NET 5.0,False,True,False,True,Default,Default,False,False,False,Default,Default,Default,Default,Default,Default,Default,1,Default,Default,Default,Default,Default,Default,Default,Default,Default,16,Default,100000,"2,043,416.14 μs","9,171.876 μs","8,130.629 μs","2,044,881.20 μs",129000.0000,34000.0000,4000.0000,"1,023,419 KB"
CSVFile,DefaultJob,False,Default,Default,Default,Default,Default,Default,11111111111111111111111111111111,Empty,RyuJit,X64,8c5e7fda-e8bf-4a96-9a85-a6e23a8c635c,.NET 5.0,False,True,False,True,Default,Default,False,False,False,Default,Default,Default,Default,Default,Default,Default,1,Default,Default,Default,Default,Default,Default,Default,Default,Default,16,Default,100000,"497,961.75 μs","7,802.914 μs","6,092.002 μs","499,774.10 μs",64000.0000,24000.0000,5000.0000,"491,422 KB"
CsvHelper,DefaultJob,False,Default,Default,Default,Default,Default,Default,11111111111111111111111111111111,Empty,RyuJit,X64,8c5e7fda-e8bf-4a96-9a85-a6e23a8c635c,.NET 5.0,False,True,False,True,Default,Default,False,False,False,Default,Default,Default,Default,Default,Default,Default,1,Default,Default,Default,Default,Default,Default,Default,Default,Default,16,Default,100000,"236,328.30 μs","1,067.841 μs",946.614 μs,"236,128.17 μs",3666.6667,2000.0000,666.6667,"27,499 KB"
CsvTextFieldParser,DefaultJob,False,Default,Default,Default,Default,Default,Default,11111111111111111111111111111111,Empty,RyuJit,X64,8c5e7fda-e8bf-4a96-9a85-a6e23a8c635c,.NET 5.0,False,True,False,True,Default,Default,False,False,False,Default,Default,Default,Default,Default,Default,Default,1,Default,Default,Default,Default,Default,Default,Default,Default,Default,16,Default,100000,"511,826.44 μs","4,751.576 μs","4,444.627 μs","511,830.10 μs",55000.0000,22000.0000,4000.0000,"423,677 KB"
CsvTools,DefaultJob,False,Default,Default,Default,Default,Default,Default,11111111111111111111111111111111,Empty,RyuJit,X64,8c5e7fda-e8bf-4a96-9a85-a6e23a8c635c,.NET 5.0,False,True,False,True,Default,Default,False,False,False,Default,Default,Default,Default,Default,Default,Default,1,Default,Default,Default,Default,Default,Default,Default,Default,Default,16,Default,100000,"612,209.81 μs","4,987.221 μs","4,421.042 μs","613,319.20 μs",27000.0000,10000.0000,2000.0000,"212,788 KB"
Ctl_Data,DefaultJob,False,Default,Default,Default,Default,Default,Default,11111111111111111111111111111111,Empty,RyuJit,X64,8c5e7fda-e8bf-4a96-9a85-a6e23a8c635c,.NET 5.0,False,True,False,True,Default,Default,False,False,False,Default,Default,Default,Default,Default,Default,Default,1,Default,Default,Default,Default,Default,Default,Default,Default,Default,16,Default,100000,"395,436.05 μs","7,810.354 μs","19,737.760 μs","402,928.50 μs",31000.0000,11000.0000,2000.0000,"244,682 KB"
Cursively,DefaultJob,False,Default,Default,Default,Default,Default,Default,11111111111111111111111111111111,Empty,RyuJit,X64,8c5e7fda-e8bf-4a96-9a85-a6e23a8c635c,.NET 5.0,False,True,False,True,Default,Default,False,False,False,Default,Default,Default,Default,Default,Default,Default,1,Default,Default,Default,Default,Default,Default,Default,Default,Default,16,Default,100000,"166,993.61 μs","2,583.015 μs","2,416.154 μs","168,056.43 μs",4666.6667,2000.0000,666.6667,"36,236 KB"
FastCsvParser,DefaultJob,False,Default,Default,Default,Default,Default,Default,11111111111111111111111111111111,Empty,RyuJit,X64,8c5e7fda-e8bf-4a96-9a85-a6e23a8c635c,.NET 5.0,False,True,False,True,Default,Default,False,False,False,Default,Default,Default,Default,Default,Default,Default,1,Default,Default,Default,Default,Default,Default,Default,Default,Default,16,Default,100000,"349,832.59 μs","6,987.558 μs","8,318.190 μs","353,924.90 μs",27000.0000,10000.0000,2000.0000,"211,180 KB"
FlatFiles,DefaultJob,False,Default,Default,Default,Default,Default,Default,11111111111111111111111111111111,Empty,RyuJit,X64,8c5e7fda-e8bf-4a96-9a85-a6e23a8c635c,.NET 5.0,False,True,False,True,Default,Default,False,False,False,Default,Default,Default,Default,Default,Default,Default,1,Default,Default,Default,Default,Default,Default,Default,Default,Default,16,Default,100000,"920,992.78 μs","10,347.316 μs","9,678.886 μs","923,767.40 μs",41000.0000,13000.0000,3000.0000,"318,882 KB"
FluentCsv,DefaultJob,False,Default,Default,Default,Default,Default,Default,11111111111111111111111111111111,Empty,RyuJit,X64,8c5e7fda-e8bf-4a96-9a85-a6e23a8c635c,.NET 5.0,False,True,False,True,Default,Default,False,False,False,Default,Default,Default,Default,Default,Default,Default,1,Default,Default,Default,Default,Default,Default,Default,Default,Default,16,Default,100000,"324,420.08 μs","3,997.704 μs","3,739.455 μs","322,254.15 μs",31000.0000,12000.0000,2000.0000,"239,681 KB"
HomeGrown,DefaultJob,False,Default,Default,Default,Default,Default,Default,11111111111111111111111111111111,Empty,RyuJit,X64,8c5e7fda-e8bf-4a96-9a85-a6e23a8c635c,.NET 5.0,False,True,False,True,Default,Default,False,False,False,Default,Default,Default,Default,Default,Default,Default,1,Default,Default,Default,Default,Default,Default,Default,Default,Default,16,Default,100000,"387,956.12 μs","2,094.045 μs","1,856.316 μs","387,391.30 μs",16000.0000,9000.0000,2000.0000,"120,575 KB"
LinqToCsv,DefaultJob,False,Default,Default,Default,Default,Default,Default,11111111111111111111111111111111,Empty,RyuJit,X64,8c5e7fda-e8bf-4a96-9a85-a6e23a8c635c,.NET 5.0,False,True,False,True,Default,Default,False,False,False,Default,Default,Default,Default,Default,Default,Default,1,Default,Default,Default,Default,Default,Default,Default,Default,Default,16,Default,100000,"674,433.71 μs","13,413.009 μs","13,173.369 μs","672,416.25 μs",75000.0000,24000.0000,5000.0000,"577,477 KB"
LumenWorksCsvReader,DefaultJob,False,Default,Default,Default,Default,Default,Default,11111111111111111111111111111111,Empty,RyuJit,X64,8c5e7fda-e8bf-4a96-9a85-a6e23a8c635c,.NET 5.0,False,True,False,True,Default,Default,False,False,False,Default,Default,Default,Default,Default,Default,Default,1,Default,Default,Default,Default,Default,Default,Default,Default,Default,16,Default,100000,"559,671.49 μs","7,509.296 μs","6,656.795 μs","560,530.25 μs",70000.0000,25000.0000,5000.0000,"536,469 KB"
mgholam_fastCSV,DefaultJob,False,Default,Default,Default,Default,Default,Default,11111111111111111111111111111111,Empty,RyuJit,X64,8c5e7fda-e8bf-4a96-9a85-a6e23a8c635c,.NET 5.0,False,True,False,True,Default,Default,False,False,False,Default,Default,Default,Default,Default,Default,Default,1,Default,Default,Default,Default,Default,Default,Default,Default,Default,16,Default,100000,"303,610.10 μs","3,611.678 μs","3,201.658 μs","304,672.25 μs",17000.0000,7000.0000,1500.0000,"129,668 KB"
Microsoft_VisualBasic_FileIO_TextFieldParser,DefaultJob,False,Default,Default,Default,Default,Default,Default,11111111111111111111111111111111,Empty,RyuJit,X64,8c5e7fda-e8bf-4a96-9a85-a6e23a8c635c,.NET 5.0,False,True,False,True,Default,Default,False,False,False,Default,Default,Default,Default,Default,Default,Default,1,Default,Default,Default,Default,Default,Default,Default,Default,Default,16,Default,100000,"2,092,755.74 μs","6,876.607 μs","6,095.933 μs","2,094,270.90 μs",605000.0000,130000.0000,5000.0000,"4,909,508 KB"
NReco_Csv,DefaultJob,False,Default,Default,Default,Default,Default,Default,11111111111111111111111111111111,Empty,RyuJit,X64,8c5e7fda-e8bf-4a96-9a85-a6e23a8c635c,.NET 5.0,False,True,False,True,Default,Default,False,False,False,Default,Default,Default,Default,Default,Default,Default,1,Default,Default,Default,Default,Default,Default,Default,Default,Default,16,Default,100000,"283,505.28 μs","5,620.523 μs","6,902.507 μs","282,370.60 μs",16000.0000,9000.0000,2000.0000,"120,742 KB"
ServiceStack_Text,DefaultJob,False,Default,Default,Default,Default,Default,Default,11111111111111111111111111111111,Empty,RyuJit,X64,8c5e7fda-e8bf-4a96-9a85-a6e23a8c635c,.NET 5.0,False,True,False,True,Default,Default,False,False,False,Default,Default,Default,Default,Default,Default,Default,1,Default,Default,Default,Default,Default,Default,Default,Default,Default,16,Default,100000,"382,276.29 μs","7,609.956 μs","7,814.865 μs","384,737.90 μs",35000.0000,11000.0000,2000.0000,"277,183 KB"
Sky_Data_Csv,DefaultJob,False,Default,Default,Default,Default,Default,Default,11111111111111111111111111111111,Empty,RyuJit,X64,8c5e7fda-e8bf-4a96-9a85-a6e23a8c635c,.NET 5.0,False,True,False,True,Default,Default,False,False,False,Default,Default,Default,Default,Default,Default,Default,1,Default,Default,Default,Default,Default,Default,Default,Default,Default,16,Default,100000,"324,102.21 μs","6,393.918 μs","9,372.122 μs","322,720.50 μs",30000.0000,12000.0000,2000.0000,"236,669 KB"
string_Split,DefaultJob,False,Default,Default,Default,Default,Default,Default,11111111111111111111111111111111,Empty,RyuJit,X64,8c5e7fda-e8bf-4a96-9a85-a6e23a8c635c,.NET 5.0,False,True,False,True,Default,Default,False,False,False,Default,Default,Default,Default,Default,Default,Default,1,Default,Default,Default,Default,Default,Default,Default,Default,Default,16,Default,100000,"312,803.25 μs","6,087.067 μs","5,978.314 μs","312,440.88 μs",31000.0000,12000.0000,2000.0000,"239,681 KB"
SoftCircuits_CsvParser,DefaultJob,False,Default,Default,Default,Default,Default,Default,11111111111111111111111111111111,Empty,RyuJit,X64,8c5e7fda-e8bf-4a96-9a85-a6e23a8c635c,.NET 5.0,False,True,False,True,Default,Default,False,False,False,Default,Default,Default,Default,Default,Default,Default,1,Default,Default,Default,Default,Default,Default,Default,Default,Default,16,Default,100000,"287,396.06 μs","3,586.080 μs","3,178.966 μs","287,606.00 μs",27000.0000,10000.0000,2000.0000,"212,339 KB"
Sylvan_Data_Csv,DefaultJob,False,Default,Default,Default,Default,Default,Default,11111111111111111111111111111111,Empty,RyuJit,X64,8c5e7fda-e8bf-4a96-9a85-a6e23a8c635c,.NET 5.0,False,True,False,True,Default,Default,False,False,False,Default,Default,Default,Default,Default,Default,Default,1,Default,Default,Default,Default,Default,Default,Default,Default,Default,16,Default,100000,"168,657.62 μs","3,282.593 μs","3,223.945 μs","169,777.25 μs",3750.0000,2250.0000,750.0000,"27,684 KB"
TinyCsvReader,DefaultJob,False,Default,Default,Default,Default,Default,Default,11111111111111111111111111111111,Empty,RyuJit,X64,8c5e7fda-e8bf-4a96-9a85-a6e23a8c635c,.NET 5.0,False,True,False,True,Default,Default,False,False,False,Default,Default,Default,Default,Default,Default,Default,1,Default,Default,Default,Default,Default,Default,Default,Default,Default,16,Default,100000,"742,032.46 μs","14,607.061 μs","15,629.391 μs","737,084.10 μs",85000.0000,26000.0000,4000.0000,"667,365 KB"
ChoEtl,DefaultJob,False,Default,Default,Default,Default,Default,Default,11111111111111111111111111111111,Empty,RyuJit,X64,8c5e7fda-e8bf-4a96-9a85-a6e23a8c635c,.NET 5.0,False,True,False,True,Default,Default,False,False,False,Default,Default,Default,Default,Default,Default,Default,1,Default,Default,Default,Default,Default,Default,Default,Default,Default,16,Default,1000000,"66,917,090.71 μs","410,829.468 μs","384,290.139 μs","67,090,759.00 μs",1212000.0000,321000.0000,8000.0000,"9,853,935 KB"
CommonLibrary_Net,DefaultJob,False,Default,Default,Default,Default,Default,Default,11111111111111111111111111111111,Empty,RyuJit,X64,8c5e7fda-e8bf-4a96-9a85-a6e23a8c635c,.NET 5.0,False,True,False,True,Default,Default,False,False,False,Default,Default,Default,Default,Default,Default,Default,1,Default,Default,Default,Default,Default,Default,Default,Default,Default,16,Default,1000000,"29,461,279.46 μs","74,777.346 μs","62,442.471 μs","29,460,598.00 μs",1789000.0000,890000.0000,16000.0000,"15,154,823 KB"
Csv,DefaultJob,False,Default,Default,Default,Default,Default,Default,11111111111111111111111111111111,Empty,RyuJit,X64,8c5e7fda-e8bf-4a96-9a85-a6e23a8c635c,.NET 5.0,False,True,False,True,Default,Default,False,False,False,Default,Default,Default,Default,Default,Default,Default,1,Default,Default,Default,Default,Default,Default,Default,Default,Default,16,Default,1000000,"21,346,645.66 μs","36,636.494 μs","30,593.132 μs","21,350,180.70 μs",1258000.0000,336000.0000,8000.0000,"10,230,083 KB"
CSVFile,DefaultJob,False,Default,Default,Default,Default,Default,Default,11111111111111111111111111111111,Empty,RyuJit,X64,8c5e7fda-e8bf-4a96-9a85-a6e23a8c635c,.NET 5.0,False,True,False,True,Default,Default,False,False,False,Default,Default,Default,Default,Default,Default,Default,1,Default,Default,Default,Default,Default,Default,Default,Default,Default,16,Default,1000000,"4,937,362.54 μs","97,668.843 μs","176,117.070 μs","4,846,557.10 μs",608000.0000,169000.0000,9000.0000,"4,910,299 KB"
CsvHelper,DefaultJob,False,Default,Default,Default,Default,Default,Default,11111111111111111111111111111111,Empty,RyuJit,X64,8c5e7fda-e8bf-4a96-9a85-a6e23a8c635c,.NET 5.0,False,True,False,True,Default,Default,False,False,False,Default,Default,Default,Default,Default,Default,Default,1,Default,Default,Default,Default,Default,Default,Default,Default,Default,16,Default,1000000,"2,517,049.75 μs","10,450.613 μs","9,775.510 μs","2,514,806.90 μs",33000.0000,18000.0000,3000.0000,"266,836 KB"
CsvTextFieldParser,DefaultJob,False,Default,Default,Default,Default,Default,Default,11111111111111111111111111111111,Empty,RyuJit,X64,8c5e7fda-e8bf-4a96-9a85-a6e23a8c635c,.NET 5.0,False,True,False,True,Default,Default,False,False,False,Default,Default,Default,Default,Default,Default,Default,1,Default,Default,Default,Default,Default,Default,Default,Default,Default,16,Default,1000000,"5,262,850.33 μs","104,732.889 μs","223,194.326 μs","5,183,661.40 μs",524000.0000,169000.0000,8000.0000,"4,232,602 KB"
CsvTools,DefaultJob,False,Default,Default,Default,Default,Default,Default,11111111111111111111111111111111,Empty,RyuJit,X64,8c5e7fda-e8bf-4a96-9a85-a6e23a8c635c,.NET 5.0,False,True,False,True,Default,Default,False,False,False,Default,Default,Default,Default,Default,Default,Default,1,Default,Default,Default,Default,Default,Default,Default,Default,Default,16,Default,1000000,"6,880,056.59 μs","22,509.879 μs","19,954.421 μs","6,883,547.35 μs",264000.0000,94000.0000,6000.0000,"2,123,477 KB"
Ctl_Data,DefaultJob,False,Default,Default,Default,Default,Default,Default,11111111111111111111111111111111,Empty,RyuJit,X64,8c5e7fda-e8bf-4a96-9a85-a6e23a8c635c,.NET 5.0,False,True,False,True,Default,Default,False,False,False,Default,Default,Default,Default,Default,Default,Default,1,Default,Default,Default,Default,Default,Default,Default,Default,Default,16,Default,1000000,"3,911,247.18 μs","34,352.108 μs","38,182.277 μs","3,902,390.50 μs",303000.0000,105000.0000,6000.0000,"2,442,631 KB"
Cursively,DefaultJob,False,Default,Default,Default,Default,Default,Default,11111111111111111111111111111111,Empty,RyuJit,X64,8c5e7fda-e8bf-4a96-9a85-a6e23a8c635c,.NET 5.0,False,True,False,True,Default,Default,False,False,False,Default,Default,Default,Default,Default,Default,Default,1,Default,Default,Default,Default,Default,Default,Default,Default,Default,16,Default,1000000,"1,712,641.43 μs","13,734.140 μs","12,846.923 μs","1,711,258.80 μs",44000.0000,17000.0000,3000.0000,"352,918 KB"
FastCsvParser,DefaultJob,False,Default,Default,Default,Default,Default,Default,11111111111111111111111111111111,Empty,RyuJit,X64,8c5e7fda-e8bf-4a96-9a85-a6e23a8c635c,.NET 5.0,False,True,False,True,Default,Default,False,False,False,Default,Default,Default,Default,Default,Default,Default,1,Default,Default,Default,Default,Default,Default,Default,Default,Default,16,Default,1000000,"3,895,493.38 μs","43,926.189 μs","41,088.584 μs","3,915,050.40 μs",261000.0000,91000.0000,6000.0000,"2,104,691 KB"
FlatFiles,DefaultJob,False,Default,Default,Default,Default,Default,Default,11111111111111111111111111111111,Empty,RyuJit,X64,8c5e7fda-e8bf-4a96-9a85-a6e23a8c635c,.NET 5.0,False,True,False,True,Default,Default,False,False,False,Default,Default,Default,Default,Default,Default,Default,1,Default,Default,Default,Default,Default,Default,Default,Default,Default,16,Default,1000000,"9,579,960.32 μs","69,781.023 μs","65,273.212 μs","9,589,025.70 μs",395000.0000,105000.0000,7000.0000,"3,184,527 KB"
FluentCsv,DefaultJob,False,Default,Default,Default,Default,Default,Default,11111111111111111111111111111111,Empty,RyuJit,X64,8c5e7fda-e8bf-4a96-9a85-a6e23a8c635c,.NET 5.0,False,True,False,True,Default,Default,False,False,False,Default,Default,Default,Default,Default,Default,Default,1,Default,Default,Default,Default,Default,Default,Default,Default,Default,16,Default,1000000,"3,247,544.08 μs","38,405.729 μs","34,045.678 μs","3,231,783.90 μs",297000.0000,107000.0000,6000.0000,"2,392,907 KB"
HomeGrown,DefaultJob,False,Default,Default,Default,Default,Default,Default,11111111111111111111111111111111,Empty,RyuJit,X64,8c5e7fda-e8bf-4a96-9a85-a6e23a8c635c,.NET 5.0,False,True,False,True,Default,Default,False,False,False,Default,Default,Default,Default,Default,Default,Default,1,Default,Default,Default,Default,Default,Default,Default,Default,Default,16,Default,1000000,"4,351,188.57 μs","27,021.907 μs","23,954.217 μs","4,356,336.55 μs",151000.0000,80000.0000,6000.0000,"1,201,573 KB"
LinqToCsv,DefaultJob,False,Default,Default,Default,Default,Default,Default,11111111111111111111111111111111,Empty,RyuJit,X64,8c5e7fda-e8bf-4a96-9a85-a6e23a8c635c,.NET 5.0,False,True,False,True,Default,Default,False,False,False,Default,Default,Default,Default,Default,Default,Default,1,Default,Default,Default,Default,Default,Default,Default,Default,Default,16,Default,1000000,"6,744,082.25 μs","81,070.197 μs","75,833.113 μs","6,741,144.20 μs",713000.0000,194000.0000,9000.0000,"5,770,520 KB"
LumenWorksCsvReader,DefaultJob,False,Default,Default,Default,Default,Default,Default,11111111111111111111111111111111,Empty,RyuJit,X64,8c5e7fda-e8bf-4a96-9a85-a6e23a8c635c,.NET 5.0,False,True,False,True,Default,Default,False,False,False,Default,Default,Default,Default,Default,Default,Default,1,Default,Default,Default,Default,Default,Default,Default,Default,Default,16,Default,1000000,"5,333,749.46 μs","106,435.758 μs","186,413.645 μs","5,338,180.60 μs",662000.0000,214000.0000,8000.0000,"5,360,375 KB"
mgholam_fastCSV,DefaultJob,False,Default,Default,Default,Default,Default,Default,11111111111111111111111111111111,Empty,RyuJit,X64,8c5e7fda-e8bf-4a96-9a85-a6e23a8c635c,.NET 5.0,False,True,False,True,Default,Default,False,False,False,Default,Default,Default,Default,Default,Default,Default,1,Default,Default,Default,Default,Default,Default,Default,Default,Default,16,Default,1000000,"3,168,199.38 μs","59,942.277 μs","58,871.331 μs","3,201,694.85 μs",160000.0000,57000.0000,5000.0000,"1,291,174 KB"
Microsoft_VisualBasic_FileIO_TextFieldParser,DefaultJob,False,Default,Default,Default,Default,Default,Default,11111111111111111111111111111111,Empty,RyuJit,X64,8c5e7fda-e8bf-4a96-9a85-a6e23a8c635c,.NET 5.0,False,True,False,True,Default,Default,False,False,False,Default,Default,Default,Default,Default,Default,Default,1,Default,Default,Default,Default,Default,Default,Default,Default,Default,16,Default,1000000,"20,308,937.92 μs","146,553.397 μs","137,086.139 μs","20,363,265.30 μs",6016000.0000,1345000.0000,9000.0000,"49,090,665 KB"
NReco_Csv,DefaultJob,False,Default,Default,Default,Default,Default,Default,11111111111111111111111111111111,Empty,RyuJit,X64,8c5e7fda-e8bf-4a96-9a85-a6e23a8c635c,.NET 5.0,False,True,False,True,Default,Default,False,False,False,Default,Default,Default,Default,Default,Default,Default,1,Default,Default,Default,Default,Default,Default,Default,Default,Default,16,Default,1000000,"3,471,654.50 μs","53,707.077 μs","50,237.633 μs","3,467,175.10 μs",151000.0000,80000.0000,6000.0000,"1,202,327 KB"
ServiceStack_Text,DefaultJob,False,Default,Default,Default,Default,Default,Default,11111111111111111111111111111111,Empty,RyuJit,X64,8c5e7fda-e8bf-4a96-9a85-a6e23a8c635c,.NET 5.0,False,True,False,True,Default,Default,False,False,False,Default,Default,Default,Default,Default,Default,Default,1,Default,Default,Default,Default,Default,Default,Default,Default,Default,16,Default,1000000,"4,099,752.83 μs","38,459.404 μs","35,974.950 μs","4,083,299.90 μs",343000.0000,100000.0000,6000.0000,"2,767,907 KB"
Sky_Data_Csv,DefaultJob,False,Default,Default,Default,Default,Default,Default,11111111111111111111111111111111,Empty,RyuJit,X64,8c5e7fda-e8bf-4a96-9a85-a6e23a8c635c,.NET 5.0,False,True,False,True,Default,Default,False,False,False,Default,Default,Default,Default,Default,Default,Default,1,Default,Default,Default,Default,Default,Default,Default,Default,Default,16,Default,1000000,"3,783,925.85 μs","56,774.915 μs","53,107.291 μs","3,773,895.40 μs",292000.0000,106000.0000,6000.0000,"2,359,393 KB"
string_Split,DefaultJob,False,Default,Default,Default,Default,Default,Default,11111111111111111111111111111111,Empty,RyuJit,X64,8c5e7fda-e8bf-4a96-9a85-a6e23a8c635c,.NET 5.0,False,True,False,True,Default,Default,False,False,False,Default,Default,Default,Default,Default,Default,Default,1,Default,Default,Default,Default,Default,Default,Default,Default,Default,16,Default,1000000,"3,254,368.73 μs","59,399.101 μs","55,561.956 μs","3,244,727.50 μs",297000.0000,107000.0000,6000.0000,"2,392,906 KB"
SoftCircuits_CsvParser,DefaultJob,False,Default,Default,Default,Default,Default,Default,11111111111111111111111111111111,Empty,RyuJit,X64,8c5e7fda-e8bf-4a96-9a85-a6e23a8c635c,.NET 5.0,False,True,False,True,Default,Default,False,False,False,Default,Default,Default,Default,Default,Default,Default,1,Default,Default,Default,Default,Default,Default,Default,Default,Default,16,Default,1000000,"3,469,421.51 μs","29,884.047 μs","26,491.429 μs","3,470,611.10 μs",263000.0000,93000.0000,6000.0000,"2,119,471 KB"
Sylvan_Data_Csv,DefaultJob,False,Default,Default,Default,Default,Default,Default,11111111111111111111111111111111,Empty,RyuJit,X64,8c5e7fda-e8bf-4a96-9a85-a6e23a8c635c,.NET 5.0,False,True,False,True,Default,Default,False,False,False,Default,Default,Default,Default,Default,Default,Default,1,Default,Default,Default,Default,Default,Default,Default,Default,Default,16,Default,1000000,"1,798,953.75 μs","10,269.497 μs","9,103.641 μs","1,799,107.30 μs",33000.0000,18000.0000,3000.0000,"267,032 KB"
TinyCsvReader,DefaultJob,False,Default,Default,Default,Default,Default,Default,11111111111111111111111111111111,Empty,RyuJit,X64,8c5e7fda-e8bf-4a96-9a85-a6e23a8c635c,.NET 5.0,False,True,False,True,Default,Default,False,False,False,Default,Default,Default,Default,Default,Default,Default,1,Default,Default,Default,Default,Default,Default,Default,Default,Default,16,Default,1000000,"7,661,313.56 μs","149,879.615 μs","178,421.019 μs","7,685,968.70 μs",822000.0000,221000.0000,8000.0000,"6,669,741 KB"
