Method,Job,AnalyzeLaunchVariance,EvaluateOverhead,MaxAbsoluteError,MaxRelativeError,MinInvokeCount,MinIterationTime,OutlierMode,Affinity,EnvironmentVariables,Jit,LargeAddressAware,Platform,PowerPlanMode,Runtime,AllowVeryLargeObjects,Concurrent,CpuGroups,Force,HeapAffinitizeMask,HeapCount,NoAffinitize,RetainVm,Server,Arguments,BuildConfiguration,Clock,EngineFactory,NuGetReferences,Toolchain,IsMutator,InvocationCount,IterationCount,IterationTime,LaunchCount,MaxIterationCount,MaxWarmupIterationCount,MemoryRandomization,MinIterationCount,MinWarmupIterationCount,RunStrategy,UnrollFactor,WarmupCount,LineCount,Mean,Error,StdDev,Gen0,Gen1,Gen2,Allocated
Angara_Table,Job-ZNPRIY,FALSE,Default,Default,Default,Default,Default,Default,11111111111111111111111111111111,Empty,RyuJit,Default,X64,8c5e7fda-e8bf-4a96-9a85-a6e23a8c635c,.NET 7.0,FALSE,TRUE,FALSE,TRUE,Default,Default,FALSE,FALSE,FALSE,Default,Default,Default,Default,Default,Default,Default,1,6,Default,1,Default,Default,Default,Default,Default,Default,1,2,1000000,"10,954.2 ms",88.12 ms,31.42 ms,494000,223000,8000,4289.29 MB
Cesil,Job-ZNPRIY,FALSE,Default,Default,Default,Default,Default,Default,11111111111111111111111111111111,Empty,RyuJit,Default,X64,8c5e7fda-e8bf-4a96-9a85-a6e23a8c635c,.NET 7.0,FALSE,TRUE,FALSE,TRUE,Default,Default,FALSE,FALSE,FALSE,Default,Default,Default,Default,Default,Default,Default,1,6,Default,1,Default,Default,Default,Default,Default,Default,1,2,1000000,"5,224.9 ms",56.85 ms,20.27 ms,118000,117000,6000,914.48 MB
ChoETL,Job-ZNPRIY,FALSE,Default,Default,Default,Default,Default,Default,11111111111111111111111111111111,Empty,RyuJit,Default,X64,8c5e7fda-e8bf-4a96-9a85-a6e23a8c635c,.NET 7.0,FALSE,TRUE,FALSE,TRUE,Default,Default,FALSE,FALSE,FALSE,Default,Default,Default,Default,Default,Default,Default,1,6,Default,1,Default,Default,Default,Default,Default,Default,1,2,1000000,"24,282.0 ms",234.74 ms,83.71 ms,873000,223000,8000,6919.98 MB
CommonLibrary_NET,Job-ZNPRIY,FALSE,Default,Default,Default,Default,Default,Default,11111111111111111111111111111111,Empty,RyuJit,Default,X64,8c5e7fda-e8bf-4a96-9a85-a6e23a8c635c,.NET 7.0,FALSE,TRUE,FALSE,TRUE,Default,Default,FALSE,FALSE,FALSE,Default,Default,Default,Default,Default,Default,Default,1,6,Default,1,Default,Default,Default,Default,Default,Default,1,2,1000000,"29,514.3 ms",351.50 ms,125.35 ms,1785000,692000,11000,14799.64 MB
Csv,Job-ZNPRIY,FALSE,Default,Default,Default,Default,Default,Default,11111111111111111111111111111111,Empty,RyuJit,Default,X64,8c5e7fda-e8bf-4a96-9a85-a6e23a8c635c,.NET 7.0,FALSE,TRUE,FALSE,TRUE,Default,Default,FALSE,FALSE,FALSE,Default,Default,Default,Default,Default,Default,Default,1,6,Default,1,Default,Default,Default,Default,Default,Default,1,2,1000000,"7,966.7 ms",133.07 ms,34.56 ms,1234000,314000,8000,9799.58 MB
CSVFile,Job-ZNPRIY,FALSE,Default,Default,Default,Default,Default,Default,11111111111111111111111111111111,Empty,RyuJit,Default,X64,8c5e7fda-e8bf-4a96-9a85-a6e23a8c635c,.NET 7.0,FALSE,TRUE,FALSE,TRUE,Default,Default,FALSE,FALSE,FALSE,Default,Default,Default,Default,Default,Default,Default,1,6,Default,1,Default,Default,Default,Default,Default,Default,1,2,1000000,"4,714.7 ms",130.57 ms,46.56 ms,378000,131000,7000,2975.1 MB
CsvHelper,Job-ZNPRIY,FALSE,Default,Default,Default,Default,Default,Default,11111111111111111111111111111111,Empty,RyuJit,Default,X64,8c5e7fda-e8bf-4a96-9a85-a6e23a8c635c,.NET 7.0,FALSE,TRUE,FALSE,TRUE,Default,Default,FALSE,FALSE,FALSE,Default,Default,Default,Default,Default,Default,Default,1,6,Default,1,Default,Default,Default,Default,Default,Default,1,2,1000000,"2,483.5 ms",70.24 ms,25.05 ms,34000,33000,4000,260.58 MB
CsvTextFieldParser,Job-ZNPRIY,FALSE,Default,Default,Default,Default,Default,Default,11111111111111111111111111111111,Empty,RyuJit,Default,X64,8c5e7fda-e8bf-4a96-9a85-a6e23a8c635c,.NET 7.0,FALSE,TRUE,FALSE,TRUE,Default,Default,FALSE,FALSE,FALSE,Default,Default,Default,Default,Default,Default,Default,1,6,Default,1,Default,Default,Default,Default,Default,Default,1,2,1000000,"4,650.8 ms",269.81 ms,96.22 ms,523000,183000,7000,4133.4 MB
CsvTools,Job-ZNPRIY,FALSE,Default,Default,Default,Default,Default,Default,11111111111111111111111111111111,Empty,RyuJit,Default,X64,8c5e7fda-e8bf-4a96-9a85-a6e23a8c635c,.NET 7.0,FALSE,TRUE,FALSE,TRUE,Default,Default,FALSE,FALSE,FALSE,Default,Default,Default,Default,Default,Default,Default,1,6,Default,1,Default,Default,Default,Default,Default,Default,1,2,1000000,"6,985.3 ms","1,226.12 ms",437.25 ms,265000,136000,7000,2073.7 MB
Ctl_Data,Job-ZNPRIY,FALSE,Default,Default,Default,Default,Default,Default,11111111111111111111111111111111,Empty,RyuJit,Default,X64,8c5e7fda-e8bf-4a96-9a85-a6e23a8c635c,.NET 7.0,FALSE,TRUE,FALSE,TRUE,Default,Default,FALSE,FALSE,FALSE,Default,Default,Default,Default,Default,Default,Default,1,6,Default,1,Default,Default,Default,Default,Default,Default,1,2,1000000,"4,424.3 ms",56.32 ms,20.08 ms,304000,153000,7000,2385.38 MB
Cursively,Job-ZNPRIY,FALSE,Default,Default,Default,Default,Default,Default,11111111111111111111111111111111,Empty,RyuJit,Default,X64,8c5e7fda-e8bf-4a96-9a85-a6e23a8c635c,.NET 7.0,FALSE,TRUE,FALSE,TRUE,Default,Default,FALSE,FALSE,FALSE,Default,Default,Default,Default,Default,Default,Default,1,6,Default,1,Default,Default,Default,Default,Default,Default,1,2,1000000,"1,732.6 ms",32.62 ms,8.47 ms,45000,24000,4000,344.65 MB
Dsv,Job-ZNPRIY,FALSE,Default,Default,Default,Default,Default,Default,11111111111111111111111111111111,Empty,RyuJit,Default,X64,8c5e7fda-e8bf-4a96-9a85-a6e23a8c635c,.NET 7.0,FALSE,TRUE,FALSE,TRUE,Default,Default,FALSE,FALSE,FALSE,Default,Default,Default,Default,Default,Default,Default,1,6,Default,1,Default,Default,Default,Default,Default,Default,1,2,1000000,"4,180.3 ms",214.09 ms,76.34 ms,299000,153000,7000,2344.46 MB
FastCsvParser,Job-ZNPRIY,FALSE,Default,Default,Default,Default,Default,Default,11111111111111111111111111111111,Empty,RyuJit,Default,X64,8c5e7fda-e8bf-4a96-9a85-a6e23a8c635c,.NET 7.0,FALSE,TRUE,FALSE,TRUE,Default,Default,FALSE,FALSE,FALSE,Default,Default,Default,Default,Default,Default,Default,1,6,Default,1,Default,Default,Default,Default,Default,Default,1,2,1000000,"4,321.3 ms",60.48 ms,21.57 ms,262000,134000,7000,2055.36 MB
FileHelpers,Job-ZNPRIY,FALSE,Default,Default,Default,Default,Default,Default,11111111111111111111111111111111,Empty,RyuJit,Default,X64,8c5e7fda-e8bf-4a96-9a85-a6e23a8c635c,.NET 7.0,FALSE,TRUE,FALSE,TRUE,Default,Default,FALSE,FALSE,FALSE,Default,Default,Default,Default,Default,Default,Default,1,6,Default,1,Default,Default,Default,Default,Default,Default,1,2,1000000,"4,450.1 ms",137.41 ms,49.00 ms,301000,153000,7000,2367.39 MB
FlatFiles,Job-ZNPRIY,FALSE,Default,Default,Default,Default,Default,Default,11111111111111111111111111111111,Empty,RyuJit,Default,X64,8c5e7fda-e8bf-4a96-9a85-a6e23a8c635c,.NET 7.0,FALSE,TRUE,FALSE,TRUE,Default,Default,FALSE,FALSE,FALSE,Default,Default,Default,Default,Default,Default,Default,1,6,Default,1,Default,Default,Default,Default,Default,Default,1,2,1000000,"8,672.1 ms",119.42 ms,42.59 ms,531000,187000,7000,4200.89 MB
FluentCSV,Job-ZNPRIY,FALSE,Default,Default,Default,Default,Default,Default,11111111111111111111111111111111,Empty,RyuJit,Default,X64,8c5e7fda-e8bf-4a96-9a85-a6e23a8c635c,.NET 7.0,FALSE,TRUE,FALSE,TRUE,Default,Default,FALSE,FALSE,FALSE,Default,Default,Default,Default,Default,Default,Default,1,6,Default,1,Default,Default,Default,Default,Default,Default,1,2,1000000,"3,303.9 ms",53.49 ms,19.07 ms,298000,152000,7000,2336.82 MB
GenericParsing,Job-ZNPRIY,FALSE,Default,Default,Default,Default,Default,Default,11111111111111111111111111111111,Empty,RyuJit,Default,X64,8c5e7fda-e8bf-4a96-9a85-a6e23a8c635c,.NET 7.0,FALSE,TRUE,FALSE,TRUE,Default,Default,FALSE,FALSE,FALSE,Default,Default,Default,Default,Default,Default,Default,1,6,Default,1,Default,Default,Default,Default,Default,Default,1,2,1000000,"4,531.2 ms",99.68 ms,35.55 ms,152000,151000,7000,1173.42 MB
HomeGrown,Job-ZNPRIY,FALSE,Default,Default,Default,Default,Default,Default,11111111111111111111111111111111,Empty,RyuJit,Default,X64,8c5e7fda-e8bf-4a96-9a85-a6e23a8c635c,.NET 7.0,FALSE,TRUE,FALSE,TRUE,Default,Default,FALSE,FALSE,FALSE,Default,Default,Default,Default,Default,Default,Default,1,6,Default,1,Default,Default,Default,Default,Default,Default,1,2,1000000,"3,983.6 ms",36.92 ms,13.17 ms,152000,151000,7000,1173.42 MB
HomeGrown2,Job-ZNPRIY,FALSE,Default,Default,Default,Default,Default,Default,11111111111111111111111111111111,Empty,RyuJit,Default,X64,8c5e7fda-e8bf-4a96-9a85-a6e23a8c635c,.NET 7.0,FALSE,TRUE,FALSE,TRUE,Default,Default,FALSE,FALSE,FALSE,Default,Default,Default,Default,Default,Default,Default,1,6,Default,1,Default,Default,Default,Default,Default,Default,1,2,1000000,"2,255.1 ms",51.30 ms,18.30 ms,34000,33000,4000,260.63 MB
KBCsv,Job-ZNPRIY,FALSE,Default,Default,Default,Default,Default,Default,11111111111111111111111111111111,Empty,RyuJit,Default,X64,8c5e7fda-e8bf-4a96-9a85-a6e23a8c635c,.NET 7.0,FALSE,TRUE,FALSE,TRUE,Default,Default,FALSE,FALSE,FALSE,Default,Default,Default,Default,Default,Default,Default,1,6,Default,1,Default,Default,Default,Default,Default,Default,1,2,1000000,"3,941.5 ms",57.40 ms,20.47 ms,192000,99000,6000,1501.49 MB
LinqToCsv,Job-ZNPRIY,FALSE,Default,Default,Default,Default,Default,Default,11111111111111111111111111111111,Empty,RyuJit,Default,X64,8c5e7fda-e8bf-4a96-9a85-a6e23a8c635c,.NET 7.0,FALSE,TRUE,FALSE,TRUE,Default,Default,FALSE,FALSE,FALSE,Default,Default,Default,Default,Default,Default,Default,1,6,Default,1,Default,Default,Default,Default,Default,Default,1,2,1000000,"5,734.5 ms",39.81 ms,14.20 ms,712000,184000,8000,5635.27 MB
LumenWorksCsvReader,Job-ZNPRIY,FALSE,Default,Default,Default,Default,Default,Default,11111111111111111111111111111111,Empty,RyuJit,Default,X64,8c5e7fda-e8bf-4a96-9a85-a6e23a8c635c,.NET 7.0,FALSE,TRUE,FALSE,TRUE,Default,Default,FALSE,FALSE,FALSE,Default,Default,Default,Default,Default,Default,Default,1,6,Default,1,Default,Default,Default,Default,Default,Default,1,2,1000000,"5,101.4 ms",138.91 ms,36.07 ms,662000,176000,8000,5234.74 MB
mgholam_fastCSV,Job-ZNPRIY,FALSE,Default,Default,Default,Default,Default,Default,11111111111111111111111111111111,Empty,RyuJit,Default,X64,8c5e7fda-e8bf-4a96-9a85-a6e23a8c635c,.NET 7.0,FALSE,TRUE,FALSE,TRUE,Default,Default,FALSE,FALSE,FALSE,Default,Default,Default,Default,Default,Default,Default,1,6,Default,1,Default,Default,Default,Default,Default,Default,1,2,1000000,"3,184.7 ms",45.21 ms,16.12 ms,161000,83000,6000,1260.91 MB
Microsoft_ML,Job-ZNPRIY,FALSE,Default,Default,Default,Default,Default,Default,11111111111111111111111111111111,Empty,RyuJit,Default,X64,8c5e7fda-e8bf-4a96-9a85-a6e23a8c635c,.NET 7.0,FALSE,TRUE,FALSE,TRUE,Default,Default,FALSE,FALSE,FALSE,Default,Default,Default,Default,Default,Default,Default,1,6,Default,1,Default,Default,Default,Default,Default,Default,1,2,1000000,"3,985.5 ms",137.61 ms,35.74 ms,275000,141000,8000,2057.98 MB
Microsoft_Data_Analysis,Job-ZNPRIY,FALSE,Default,Default,Default,Default,Default,Default,11111111111111111111111111111111,Empty,RyuJit,Default,X64,8c5e7fda-e8bf-4a96-9a85-a6e23a8c635c,.NET 7.0,FALSE,TRUE,FALSE,TRUE,Default,Default,FALSE,FALSE,FALSE,Default,Default,Default,Default,Default,Default,Default,1,6,Default,1,Default,Default,Default,Default,Default,Default,1,2,1000000,"13,695.1 ms",505.61 ms,180.30 ms,1626000,423000,9000,13310.62 MB
Microsoft_VisualBasic_FileIO_TextFieldParser,Job-ZNPRIY,FALSE,Default,Default,Default,Default,Default,Default,11111111111111111111111111111111,Empty,RyuJit,Default,X64,8c5e7fda-e8bf-4a96-9a85-a6e23a8c635c,.NET 7.0,FALSE,TRUE,FALSE,TRUE,Default,Default,FALSE,FALSE,FALSE,Default,Default,Default,Default,Default,Default,Default,1,6,Default,1,Default,Default,Default,Default,Default,Default,1,2,1000000,"20,137.2 ms","1,190.05 ms",424.38 ms,5034000,1007000,9000,40104.69 MB
NReco_Csv,Job-ZNPRIY,FALSE,Default,Default,Default,Default,Default,Default,11111111111111111111111111111111,Empty,RyuJit,Default,X64,8c5e7fda-e8bf-4a96-9a85-a6e23a8c635c,.NET 7.0,FALSE,TRUE,FALSE,TRUE,Default,Default,FALSE,FALSE,FALSE,Default,Default,Default,Default,Default,Default,Default,1,6,Default,1,Default,Default,Default,Default,Default,Default,1,2,1000000,"3,495.7 ms",37.07 ms,9.63 ms,152000,151000,7000,1174.14 MB
Open_Text_CSV,Job-ZNPRIY,FALSE,Default,Default,Default,Default,Default,Default,11111111111111111111111111111111,Empty,RyuJit,Default,X64,8c5e7fda-e8bf-4a96-9a85-a6e23a8c635c,.NET 7.0,FALSE,TRUE,FALSE,TRUE,Default,Default,FALSE,FALSE,FALSE,Default,Default,Default,Default,Default,Default,Default,1,6,Default,1,Default,Default,Default,Default,Default,Default,1,2,1000000,"5,729.5 ms",72.16 ms,25.73 ms,197000,58000,6000,1539.7 MB
RecordParser,Job-ZNPRIY,FALSE,Default,Default,Default,Default,Default,Default,11111111111111111111111111111111,Empty,RyuJit,Default,X64,8c5e7fda-e8bf-4a96-9a85-a6e23a8c635c,.NET 7.0,FALSE,TRUE,FALSE,TRUE,Default,Default,FALSE,FALSE,FALSE,Default,Default,Default,Default,Default,Default,Default,1,6,Default,1,Default,Default,Default,Default,Default,Default,1,2,1000000,829.1 ms,33.18 ms,11.83 ms,38000,37000,4000,279.84 MB
Sep,Job-ZNPRIY,FALSE,Default,Default,Default,Default,Default,Default,11111111111111111111111111111111,Empty,RyuJit,Default,X64,8c5e7fda-e8bf-4a96-9a85-a6e23a8c635c,.NET 7.0,FALSE,TRUE,FALSE,TRUE,Default,Default,FALSE,FALSE,FALSE,Default,Default,Default,Default,Default,Default,Default,1,6,Default,1,Default,Default,Default,Default,Default,Default,1,2,1000000,"1,045.9 ms",32.99 ms,8.57 ms,34000,33000,4000,260.42 MB
ServiceStack_Text,Job-ZNPRIY,FALSE,Default,Default,Default,Default,Default,Default,11111111111111111111111111111111,Empty,RyuJit,Default,X64,8c5e7fda-e8bf-4a96-9a85-a6e23a8c635c,.NET 7.0,FALSE,TRUE,FALSE,TRUE,Default,Default,FALSE,FALSE,FALSE,Default,Default,Default,Default,Default,Default,Default,1,6,Default,1,Default,Default,Default,Default,Default,Default,1,2,1000000,"4,139.4 ms",72.11 ms,25.72 ms,343000,118000,6000,2703.03 MB
Sky_Data_Csv,Job-ZNPRIY,FALSE,Default,Default,Default,Default,Default,Default,11111111111111111111111111111111,Empty,RyuJit,Default,X64,8c5e7fda-e8bf-4a96-9a85-a6e23a8c635c,.NET 7.0,FALSE,TRUE,FALSE,TRUE,Default,Default,FALSE,FALSE,FALSE,Default,Default,Default,Default,Default,Default,Default,1,6,Default,1,Default,Default,Default,Default,Default,Default,1,2,1000000,"3,951.2 ms",64.34 ms,22.94 ms,294000,150000,7000,2304.09 MB
StackOverflowRegex,Job-ZNPRIY,FALSE,Default,Default,Default,Default,Default,Default,11111111111111111111111111111111,Empty,RyuJit,Default,X64,8c5e7fda-e8bf-4a96-9a85-a6e23a8c635c,.NET 7.0,FALSE,TRUE,FALSE,TRUE,Default,Default,FALSE,FALSE,FALSE,Default,Default,Default,Default,Default,Default,Default,1,6,Default,1,Default,Default,Default,Default,Default,Default,1,2,1000000,"7,259.3 ms",278.57 ms,99.34 ms,621000,164000,1000,4966.37 MB
string_Split,Job-ZNPRIY,FALSE,Default,Default,Default,Default,Default,Default,11111111111111111111111111111111,Empty,RyuJit,Default,X64,8c5e7fda-e8bf-4a96-9a85-a6e23a8c635c,.NET 7.0,FALSE,TRUE,FALSE,TRUE,Default,Default,FALSE,FALSE,FALSE,Default,Default,Default,Default,Default,Default,Default,1,6,Default,1,Default,Default,Default,Default,Default,Default,1,2,1000000,"3,095.2 ms",98.50 ms,35.13 ms,298000,152000,7000,2336.82 MB
SoftCircuits_CsvParser,Job-ZNPRIY,FALSE,Default,Default,Default,Default,Default,Default,11111111111111111111111111111111,Empty,RyuJit,Default,X64,8c5e7fda-e8bf-4a96-9a85-a6e23a8c635c,.NET 7.0,FALSE,TRUE,FALSE,TRUE,Default,Default,FALSE,FALSE,FALSE,Default,Default,Default,Default,Default,Default,Default,1,6,Default,1,Default,Default,Default,Default,Default,Default,1,2,1000000,"2,953.3 ms",85.94 ms,22.32 ms,152000,151000,7000,1173.42 MB
Sylvan_Data_Csv,Job-ZNPRIY,FALSE,Default,Default,Default,Default,Default,Default,11111111111111111111111111111111,Empty,RyuJit,Default,X64,8c5e7fda-e8bf-4a96-9a85-a6e23a8c635c,.NET 7.0,FALSE,TRUE,FALSE,TRUE,Default,Default,FALSE,FALSE,FALSE,Default,Default,Default,Default,Default,Default,Default,1,6,Default,1,Default,Default,Default,Default,Default,Default,1,2,1000000,"1,237.3 ms",34.20 ms,12.20 ms,34000,33000,4000,260.76 MB
TinyCsvReader,Job-ZNPRIY,FALSE,Default,Default,Default,Default,Default,Default,11111111111111111111111111111111,Empty,RyuJit,Default,X64,8c5e7fda-e8bf-4a96-9a85-a6e23a8c635c,.NET 7.0,FALSE,TRUE,FALSE,TRUE,Default,Default,FALSE,FALSE,FALSE,Default,Default,Default,Default,Default,Default,Default,1,6,Default,1,Default,Default,Default,Default,Default,Default,1,2,1000000,"6,660.0 ms",122.00 ms,31.68 ms,822000,211000,8000,6513.42 MB
TxtCsvHelper,Job-ZNPRIY,FALSE,Default,Default,Default,Default,Default,Default,11111111111111111111111111111111,Empty,RyuJit,Default,X64,8c5e7fda-e8bf-4a96-9a85-a6e23a8c635c,.NET 7.0,FALSE,TRUE,FALSE,TRUE,Default,Default,FALSE,FALSE,FALSE,Default,Default,Default,Default,Default,Default,Default,1,6,Default,1,Default,Default,Default,Default,Default,Default,1,2,1000000,"3,250.2 ms",96.00 ms,34.24 ms,331000,114000,6000,2611.48 MB
