Method,Job,AnalyzeLaunchVariance,EvaluateOverhead,MaxAbsoluteError,MaxRelativeError,MinInvokeCount,MinIterationTime,OutlierMode,Affinity,EnvironmentVariables,Jit,Platform,PowerPlanMode,Runtime,AllowVeryLargeObjects,Concurrent,CpuGroups,Force,HeapAffinitizeMask,HeapCount,NoAffinitize,RetainVm,Server,Arguments,BuildConfiguration,Clock,EngineFactory,NuGetReferences,Toolchain,IsMutator,InvocationCount,IterationCount,IterationTime,LaunchCount,MaxIterationCount,MaxWarmupIterationCount,MemoryRandomization,MinIterationCount,MinWarmupIterationCount,RunStrategy,UnrollFactor,WarmupCount,LineCount,Mean,Error,StdDev,Gen 0,Gen 1,Gen 2,Allocated
Angara_Table,Job-NQQNEF,False,Default,Default,Default,Default,Default,Default,11111111111111111111111111111111,Empty,RyuJit,X64,8c5e7fda-e8bf-4a96-9a85-a6e23a8c635c,.NET 5.0,False,True,False,True,Default,Default,False,False,False,Default,Default,Default,Default,Default,Default,Default,1,4,Default,1,Default,Default,Default,Default,Default,Default,1,2,1000000,8.309 s,0.3114 s,0.0482 s,493000.0000,182000.0000,7000.0000,"4,289 MB"
Cesil,Job-NQQNEF,False,Default,Default,Default,Default,Default,Default,11111111111111111111111111111111,Empty,RyuJit,X64,8c5e7fda-e8bf-4a96-9a85-a6e23a8c635c,.NET 5.0,False,True,False,True,Default,Default,False,False,False,Default,Default,Default,Default,Default,Default,Default,1,4,Default,1,Default,Default,Default,Default,Default,Default,1,2,1000000,5.477 s,0.0857 s,0.0133 s,117000.0000,62000.0000,5000.0000,914 MB
ChoETL,Job-NQQNEF,False,Default,Default,Default,Default,Default,Default,11111111111111111111111111111111,Empty,RyuJit,X64,8c5e7fda-e8bf-4a96-9a85-a6e23a8c635c,.NET 5.0,False,True,False,True,Default,Default,False,False,False,Default,Default,Default,Default,Default,Default,Default,1,4,Default,1,Default,Default,Default,Default,Default,Default,1,2,1000000,25.911 s,0.1689 s,0.0261 s,892000.0000,239000.0000,8000.0000,"7,067 MB"
CommonLibrary_NET,Job-NQQNEF,False,Default,Default,Default,Default,Default,Default,11111111111111111111111111111111,Empty,RyuJit,X64,8c5e7fda-e8bf-4a96-9a85-a6e23a8c635c,.NET 5.0,False,True,False,True,Default,Default,False,False,False,Default,Default,Default,Default,Default,Default,Default,1,4,Default,1,Default,Default,Default,Default,Default,Default,1,2,1000000,28.845 s,0.1777 s,0.0275 s,1789000.0000,890000.0000,16000.0000,"14,800 MB"
Csv,Job-NQQNEF,False,Default,Default,Default,Default,Default,Default,11111111111111111111111111111111,Empty,RyuJit,X64,8c5e7fda-e8bf-4a96-9a85-a6e23a8c635c,.NET 5.0,False,True,False,True,Default,Default,False,False,False,Default,Default,Default,Default,Default,Default,Default,1,4,Default,1,Default,Default,Default,Default,Default,Default,1,2,1000000,19.640 s,0.4297 s,0.0665 s,1258000.0000,336000.0000,8000.0000,"9,990 MB"
CSVFile,Job-NQQNEF,False,Default,Default,Default,Default,Default,Default,11111111111111111111111111111111,Empty,RyuJit,X64,8c5e7fda-e8bf-4a96-9a85-a6e23a8c635c,.NET 5.0,False,True,False,True,Default,Default,False,False,False,Default,Default,Default,Default,Default,Default,Default,1,4,Default,1,Default,Default,Default,Default,Default,Default,1,2,1000000,4.586 s,0.1561 s,0.0086 s,608000.0000,196000.0000,9000.0000,"4,795 MB"
CsvHelper,Job-NQQNEF,False,Default,Default,Default,Default,Default,Default,11111111111111111111111111111111,Empty,RyuJit,X64,8c5e7fda-e8bf-4a96-9a85-a6e23a8c635c,.NET 5.0,False,True,False,True,Default,Default,False,False,False,Default,Default,Default,Default,Default,Default,Default,1,4,Default,1,Default,Default,Default,Default,Default,Default,1,2,1000000,2.491 s,0.0226 s,0.0035 s,33000.0000,18000.0000,3000.0000,261 MB
CsvTextFieldParser,Job-NQQNEF,False,Default,Default,Default,Default,Default,Default,11111111111111111111111111111111,Empty,RyuJit,X64,8c5e7fda-e8bf-4a96-9a85-a6e23a8c635c,.NET 5.0,False,True,False,True,Default,Default,False,False,False,Default,Default,Default,Default,Default,Default,Default,1,4,Default,1,Default,Default,Default,Default,Default,Default,1,2,1000000,5.175 s,0.7410 s,0.1147 s,524000.0000,169000.0000,8000.0000,"4,133 MB"
CsvTools,Job-NQQNEF,False,Default,Default,Default,Default,Default,Default,11111111111111111111111111111111,Empty,RyuJit,X64,8c5e7fda-e8bf-4a96-9a85-a6e23a8c635c,.NET 5.0,False,True,False,True,Default,Default,False,False,False,Default,Default,Default,Default,Default,Default,Default,1,4,Default,1,Default,Default,Default,Default,Default,Default,1,2,1000000,6.328 s,0.1876 s,0.0290 s,264000.0000,94000.0000,6000.0000,"2,074 MB"
Ctl_Data,Job-NQQNEF,False,Default,Default,Default,Default,Default,Default,11111111111111111111111111111111,Empty,RyuJit,X64,8c5e7fda-e8bf-4a96-9a85-a6e23a8c635c,.NET 5.0,False,True,False,True,Default,Default,False,False,False,Default,Default,Default,Default,Default,Default,Default,1,4,Default,1,Default,Default,Default,Default,Default,Default,1,2,1000000,4.149 s,1.0425 s,0.1613 s,304000.0000,105000.0000,7000.0000,"2,385 MB"
Cursively,Job-NQQNEF,False,Default,Default,Default,Default,Default,Default,11111111111111111111111111111111,Empty,RyuJit,X64,8c5e7fda-e8bf-4a96-9a85-a6e23a8c635c,.NET 5.0,False,True,False,True,Default,Default,False,False,False,Default,Default,Default,Default,Default,Default,Default,1,4,Default,1,Default,Default,Default,Default,Default,Default,1,2,1000000,1.672 s,0.0855 s,0.0132 s,44000.0000,17000.0000,3000.0000,345 MB
Dsv,Job-NQQNEF,False,Default,Default,Default,Default,Default,Default,11111111111111111111111111111111,Empty,RyuJit,X64,8c5e7fda-e8bf-4a96-9a85-a6e23a8c635c,.NET 5.0,False,True,False,True,Default,Default,False,False,False,Default,Default,Default,Default,Default,Default,Default,1,4,Default,1,Default,Default,Default,Default,Default,Default,1,2,1000000,4.265 s,0.1278 s,0.0070 s,298000.0000,106000.0000,6000.0000,"2,344 MB"
FastCsvParser,Job-NQQNEF,False,Default,Default,Default,Default,Default,Default,11111111111111111111111111111111,Empty,RyuJit,X64,8c5e7fda-e8bf-4a96-9a85-a6e23a8c635c,.NET 5.0,False,True,False,True,Default,Default,False,False,False,Default,Default,Default,Default,Default,Default,Default,1,4,Default,1,Default,Default,Default,Default,Default,Default,1,2,1000000,3.718 s,0.0844 s,0.0046 s,261000.0000,93000.0000,6000.0000,"2,055 MB"
FileHelpers,Job-NQQNEF,False,Default,Default,Default,Default,Default,Default,11111111111111111111111111111111,Empty,RyuJit,X64,8c5e7fda-e8bf-4a96-9a85-a6e23a8c635c,.NET 5.0,False,True,False,True,Default,Default,False,False,False,Default,Default,Default,Default,Default,Default,Default,1,4,Default,1,Default,Default,Default,Default,Default,Default,1,2,1000000,4.803 s,0.1999 s,0.0309 s,300000.0000,106000.0000,6000.0000,"2,367 MB"
FlatFiles,Job-NQQNEF,False,Default,Default,Default,Default,Default,Default,11111111111111111111111111111111,Empty,RyuJit,X64,8c5e7fda-e8bf-4a96-9a85-a6e23a8c635c,.NET 5.0,False,True,False,True,Default,Default,False,False,False,Default,Default,Default,Default,Default,Default,Default,1,4,Default,1,Default,Default,Default,Default,Default,Default,1,2,1000000,9.263 s,0.0431 s,0.0067 s,395000.0000,107000.0000,7000.0000,"3,110 MB"
FluentCSV,Job-NQQNEF,False,Default,Default,Default,Default,Default,Default,11111111111111111111111111111111,Empty,RyuJit,X64,8c5e7fda-e8bf-4a96-9a85-a6e23a8c635c,.NET 5.0,False,True,False,True,Default,Default,False,False,False,Default,Default,Default,Default,Default,Default,Default,1,4,Default,1,Default,Default,Default,Default,Default,Default,1,2,1000000,3.161 s,0.1915 s,0.0296 s,297000.0000,105000.0000,6000.0000,"2,337 MB"
HomeGrown,Job-NQQNEF,False,Default,Default,Default,Default,Default,Default,11111111111111111111111111111111,Empty,RyuJit,X64,8c5e7fda-e8bf-4a96-9a85-a6e23a8c635c,.NET 5.0,False,True,False,True,Default,Default,False,False,False,Default,Default,Default,Default,Default,Default,Default,1,4,Default,1,Default,Default,Default,Default,Default,Default,1,2,1000000,4.225 s,0.0616 s,0.0095 s,151000.0000,80000.0000,6000.0000,"1,173 MB"
KBCsv,Job-NQQNEF,False,Default,Default,Default,Default,Default,Default,11111111111111111111111111111111,Empty,RyuJit,X64,8c5e7fda-e8bf-4a96-9a85-a6e23a8c635c,.NET 5.0,False,True,False,True,Default,Default,False,False,False,Default,Default,Default,Default,Default,Default,Default,1,4,Default,1,Default,Default,Default,Default,Default,Default,1,2,1000000,3.859 s,0.0278 s,0.0043 s,191000.0000,72000.0000,5000.0000,"1,501 MB"
LinqToCsv,Job-NQQNEF,False,Default,Default,Default,Default,Default,Default,11111111111111111111111111111111,Empty,RyuJit,X64,8c5e7fda-e8bf-4a96-9a85-a6e23a8c635c,.NET 5.0,False,True,False,True,Default,Default,False,False,False,Default,Default,Default,Default,Default,Default,Default,1,4,Default,1,Default,Default,Default,Default,Default,Default,1,2,1000000,6.320 s,0.4191 s,0.0649 s,713000.0000,189000.0000,9000.0000,"5,635 MB"
LumenWorksCsvReader,Job-NQQNEF,False,Default,Default,Default,Default,Default,Default,11111111111111111111111111111111,Empty,RyuJit,X64,8c5e7fda-e8bf-4a96-9a85-a6e23a8c635c,.NET 5.0,False,True,False,True,Default,Default,False,False,False,Default,Default,Default,Default,Default,Default,Default,1,4,Default,1,Default,Default,Default,Default,Default,Default,1,2,1000000,5.046 s,1.0039 s,0.1554 s,662000.0000,214000.0000,8000.0000,"5,235 MB"
mgholam_fastCSV,Job-NQQNEF,False,Default,Default,Default,Default,Default,Default,11111111111111111111111111111111,Empty,RyuJit,X64,8c5e7fda-e8bf-4a96-9a85-a6e23a8c635c,.NET 5.0,False,True,False,True,Default,Default,False,False,False,Default,Default,Default,Default,Default,Default,Default,1,4,Default,1,Default,Default,Default,Default,Default,Default,1,2,1000000,3.062 s,0.1370 s,0.0212 s,160000.0000,59000.0000,5000.0000,"1,261 MB"
Microsoft_ML,Job-NQQNEF,False,Default,Default,Default,Default,Default,Default,11111111111111111111111111111111,Empty,RyuJit,X64,8c5e7fda-e8bf-4a96-9a85-a6e23a8c635c,.NET 5.0,False,True,False,True,Default,Default,False,False,False,Default,Default,Default,Default,Default,Default,Default,1,4,Default,1,Default,Default,Default,Default,Default,Default,1,2,1000000,4.071 s,0.1925 s,0.0298 s,277000.0000,141000.0000,10000.0000,"2,058 MB"
Microsoft_Data_Analysis,Job-NQQNEF,False,Default,Default,Default,Default,Default,Default,11111111111111111111111111111111,Empty,RyuJit,X64,8c5e7fda-e8bf-4a96-9a85-a6e23a8c635c,.NET 5.0,False,True,False,True,Default,Default,False,False,False,Default,Default,Default,Default,Default,Default,Default,1,4,Default,1,Default,Default,Default,Default,Default,Default,1,2,1000000,13.583 s,0.0411 s,0.0023 s,1625000.0000,426000.0000,9000.0000,"13,311 MB"
Microsoft_VisualBasic_FileIO_TextFieldParser,Job-NQQNEF,False,Default,Default,Default,Default,Default,Default,11111111111111111111111111111111,Empty,RyuJit,X64,8c5e7fda-e8bf-4a96-9a85-a6e23a8c635c,.NET 5.0,False,True,False,True,Default,Default,False,False,False,Default,Default,Default,Default,Default,Default,Default,1,4,Default,1,Default,Default,Default,Default,Default,Default,1,2,1000000,19.622 s,0.2874 s,0.0158 s,6016000.0000,1344000.0000,9000.0000,"47,940 MB"
NReco_Csv,Job-NQQNEF,False,Default,Default,Default,Default,Default,Default,11111111111111111111111111111111,Empty,RyuJit,X64,8c5e7fda-e8bf-4a96-9a85-a6e23a8c635c,.NET 5.0,False,True,False,True,Default,Default,False,False,False,Default,Default,Default,Default,Default,Default,Default,1,4,Default,1,Default,Default,Default,Default,Default,Default,1,2,1000000,3.285 s,0.2053 s,0.0318 s,151000.0000,79000.0000,6000.0000,"1,174 MB"
Open_Text_CSV,Job-NQQNEF,False,Default,Default,Default,Default,Default,Default,11111111111111111111111111111111,Empty,RyuJit,X64,8c5e7fda-e8bf-4a96-9a85-a6e23a8c635c,.NET 5.0,False,True,False,True,Default,Default,False,False,False,Default,Default,Default,Default,Default,Default,Default,1,4,Default,1,Default,Default,Default,Default,Default,Default,1,2,1000000,13.311 s,1.3259 s,0.2052 s,2142000.0000,550000.0000,9000.0000,"17,030 MB"
RecordParser,Job-NQQNEF,False,Default,Default,Default,Default,Default,Default,11111111111111111111111111111111,Empty,RyuJit,X64,8c5e7fda-e8bf-4a96-9a85-a6e23a8c635c,.NET 5.0,False,True,False,True,Default,Default,False,False,False,Default,Default,Default,Default,Default,Default,Default,1,4,Default,1,Default,Default,Default,Default,Default,Default,1,2,1000000,2.153 s,0.0304 s,0.0047 s,33000.0000,18000.0000,3000.0000,261 MB
ServiceStack_Text,Job-NQQNEF,False,Default,Default,Default,Default,Default,Default,11111111111111111111111111111111,Empty,RyuJit,X64,8c5e7fda-e8bf-4a96-9a85-a6e23a8c635c,.NET 5.0,False,True,False,True,Default,Default,False,False,False,Default,Default,Default,Default,Default,Default,Default,1,4,Default,1,Default,Default,Default,Default,Default,Default,1,2,1000000,4.045 s,0.1080 s,0.0059 s,343000.0000,94000.0000,6000.0000,"2,703 MB"
Sky_Data_Csv,Job-NQQNEF,False,Default,Default,Default,Default,Default,Default,11111111111111111111111111111111,Empty,RyuJit,X64,8c5e7fda-e8bf-4a96-9a85-a6e23a8c635c,.NET 5.0,False,True,False,True,Default,Default,False,False,False,Default,Default,Default,Default,Default,Default,Default,1,4,Default,1,Default,Default,Default,Default,Default,Default,1,2,1000000,3.588 s,0.1484 s,0.0081 s,292000.0000,103000.0000,6000.0000,"2,304 MB"
string_Split,Job-NQQNEF,False,Default,Default,Default,Default,Default,Default,11111111111111111111111111111111,Empty,RyuJit,X64,8c5e7fda-e8bf-4a96-9a85-a6e23a8c635c,.NET 5.0,False,True,False,True,Default,Default,False,False,False,Default,Default,Default,Default,Default,Default,Default,1,4,Default,1,Default,Default,Default,Default,Default,Default,1,2,1000000,3.077 s,0.2980 s,0.0163 s,297000.0000,105000.0000,6000.0000,"2,337 MB"
SoftCircuits_CsvParser,Job-NQQNEF,False,Default,Default,Default,Default,Default,Default,11111111111111111111111111111111,Empty,RyuJit,X64,8c5e7fda-e8bf-4a96-9a85-a6e23a8c635c,.NET 5.0,False,True,False,True,Default,Default,False,False,False,Default,Default,Default,Default,Default,Default,Default,1,4,Default,1,Default,Default,Default,Default,Default,Default,1,2,1000000,3.270 s,0.1704 s,0.0264 s,263000.0000,93000.0000,6000.0000,"2,070 MB"
Sylvan_Data_Csv,Job-NQQNEF,False,Default,Default,Default,Default,Default,Default,11111111111111111111111111111111,Empty,RyuJit,X64,8c5e7fda-e8bf-4a96-9a85-a6e23a8c635c,.NET 5.0,False,True,False,True,Default,Default,False,False,False,Default,Default,Default,Default,Default,Default,Default,1,4,Default,1,Default,Default,Default,Default,Default,Default,1,2,1000000,2.064 s,0.0418 s,0.0065 s,33000.0000,18000.0000,3000.0000,261 MB
TinyCsvReader,Job-NQQNEF,False,Default,Default,Default,Default,Default,Default,11111111111111111111111111111111,Empty,RyuJit,X64,8c5e7fda-e8bf-4a96-9a85-a6e23a8c635c,.NET 5.0,False,True,False,True,Default,Default,False,False,False,Default,Default,Default,Default,Default,Default,Default,1,4,Default,1,Default,Default,Default,Default,Default,Default,1,2,1000000,7.316 s,0.6395 s,0.0990 s,822000.0000,216000.0000,8000.0000,"6,513 MB"
TxtCsvHelper,Job-NQQNEF,False,Default,Default,Default,Default,Default,Default,11111111111111111111111111111111,Empty,RyuJit,X64,8c5e7fda-e8bf-4a96-9a85-a6e23a8c635c,.NET 5.0,False,True,False,True,Default,Default,False,False,False,Default,Default,Default,Default,Default,Default,Default,1,4,Default,1,Default,Default,Default,Default,Default,Default,1,2,1000000,3.418 s,0.1602 s,0.0248 s,331000.0000,91000.0000,6000.0000,"2,611 MB"
