Method,Job,AnalyzeLaunchVariance,EvaluateOverhead,MaxAbsoluteError,MaxRelativeError,MinInvokeCount,MinIterationTime,OutlierMode,Affinity,EnvironmentVariables,Jit,LargeAddressAware,Platform,PowerPlanMode,Runtime,AllowVeryLargeObjects,Concurrent,CpuGroups,Force,HeapAffinitizeMask,HeapCount,NoAffinitize,RetainVm,Server,Arguments,BuildConfiguration,Clock,EngineFactory,NuGetReferences,Toolchain,IsMutator,InvocationCount,IterationCount,IterationTime,LaunchCount,MaxIterationCount,MaxWarmupIterationCount,MemoryRandomization,MinIterationCount,MinWarmupIterationCount,RunStrategy,UnrollFactor,WarmupCount,LineCount,Mean [ms],Error [ms],StdDev [ms],Gen0,Gen1,Gen2,Allocated [KB]
Sep_MT,Job-TLHGWS,False,Default,Default,Default,Default,Default,Default,11111111111111111111111111111111,Empty,RyuJit,Default,X64,8c5e7fda-e8bf-4a96-9a85-a6e23a8c635c,.NET 8.0,False,True,False,True,Default,Default,False,False,True,Default,Default,Default,Default,Default,Default,Default,Default,Default,2.0000 s,Default,5,Default,Default,2,Default,Default,16,1,1000000,169.5,8.89,2.31,83.3333,0.0000,0.0000,267922.48
RecordParserParallel,Job-TLHGWS,False,Default,Default,Default,Default,Default,Default,11111111111111111111111111111111,Empty,RyuJit,Default,X64,8c5e7fda-e8bf-4a96-9a85-a6e23a8c635c,.NET 8.0,False,True,False,True,Default,Default,False,False,True,Default,Default,Default,Default,Default,Default,Default,Default,Default,2.0000 s,Default,5,Default,Default,2,Default,Default,16,1,1000000,386.8,65.32,16.96,0.0000,0.0000,0.0000,287177.89
Sep,Job-TLHGWS,False,Default,Default,Default,Default,Default,Default,11111111111111111111111111111111,Empty,RyuJit,Default,X64,8c5e7fda-e8bf-4a96-9a85-a6e23a8c635c,.NET 8.0,False,True,False,True,Default,Default,False,False,True,Default,Default,Default,Default,Default,Default,Default,Default,Default,2.0000 s,Default,5,Default,Default,2,Default,Default,16,1,1000000,719.7,64.26,16.69,0.0000,0.0000,0.0000,266670.15
Sylvan_Data_Csv,Job-TLHGWS,False,Default,Default,Default,Default,Default,Default,11111111111111111111111111111111,Empty,RyuJit,Default,X64,8c5e7fda-e8bf-4a96-9a85-a6e23a8c635c,.NET 8.0,False,True,False,True,Default,Default,False,False,True,Default,Default,Default,Default,Default,Default,Default,Default,Default,2.0000 s,Default,5,Default,Default,2,Default,Default,16,1,1000000,768.6,92.78,24.10,500.0000,0.0000,0.0000,266863.26
Microsoft_ML,Job-TLHGWS,False,Default,Default,Default,Default,Default,Default,11111111111111111111111111111111,Empty,RyuJit,Default,X64,8c5e7fda-e8bf-4a96-9a85-a6e23a8c635c,.NET 8.0,False,True,False,True,Default,Default,False,False,True,Default,Default,Default,Default,Default,Default,Default,Default,Default,2.0000 s,Default,5,Default,Default,2,Default,Default,16,1,1000000,822.7,148.01,22.90,500.0000,0.0000,0.0000,1837912.84
SoftCircuits_CsvParser,Job-TLHGWS,False,Default,Default,Default,Default,Default,Default,11111111111111111111111111111111,Empty,RyuJit,Default,X64,8c5e7fda-e8bf-4a96-9a85-a6e23a8c635c,.NET 8.0,False,True,False,True,Default,Default,False,False,True,Default,Default,Default,Default,Default,Default,Default,Default,Default,2.0000 s,Default,5,Default,Default,2,Default,Default,16,1,1000000,824.6,18.72,2.90,500.0000,0.0000,0.0000,1201583.42
Cursively,Job-TLHGWS,False,Default,Default,Default,Default,Default,Default,11111111111111111111111111111111,Empty,RyuJit,Default,X64,8c5e7fda-e8bf-4a96-9a85-a6e23a8c635c,.NET 8.0,False,True,False,True,Default,Default,False,False,True,Default,Default,Default,Default,Default,Default,Default,Default,Default,2.0000 s,Default,5,Default,Default,2,Default,Default,16,1,1000000,"1,026.0",102.80,26.70,500.0000,0.0000,0.0000,352919.52
string_Split,Job-TLHGWS,False,Default,Default,Default,Default,Default,Default,11111111111111111111111111111111,Empty,RyuJit,Default,X64,8c5e7fda-e8bf-4a96-9a85-a6e23a8c635c,.NET 8.0,False,True,False,True,Default,Default,False,False,True,Default,Default,Default,Default,Default,Default,Default,Default,Default,2.0000 s,Default,5,Default,Default,2,Default,Default,16,1,1000000,"1,041.6",681.57,177.00,500.0000,0.0000,0.0000,2124670.04
TxtCsvHelper,Job-TLHGWS,False,Default,Default,Default,Default,Default,Default,11111111111111111111111111111111,Empty,RyuJit,Default,X64,8c5e7fda-e8bf-4a96-9a85-a6e23a8c635c,.NET 8.0,False,True,False,True,Default,Default,False,False,True,Default,Default,Default,Default,Default,Default,Default,Default,Default,2.0000 s,Default,5,Default,Default,2,Default,Default,16,1,1000000,"1,107.9",45.40,11.79,1000.0000,0.0000,0.0000,2405920.43
FluentCSV,Job-TLHGWS,False,Default,Default,Default,Default,Default,Default,11111111111111111111111111111111,Empty,RyuJit,Default,X64,8c5e7fda-e8bf-4a96-9a85-a6e23a8c635c,.NET 8.0,False,True,False,True,Default,Default,False,False,True,Default,Default,Default,Default,Default,Default,Default,Default,Default,2.0000 s,Default,5,Default,Default,2,Default,Default,16,1,1000000,"1,143.3",645.58,167.65,500.0000,0.0000,0.0000,2124670.06
RecordParser,Job-TLHGWS,False,Default,Default,Default,Default,Default,Default,11111111111111111111111111111111,Empty,RyuJit,Default,X64,8c5e7fda-e8bf-4a96-9a85-a6e23a8c635c,.NET 8.0,False,True,False,True,Default,Default,False,False,True,Default,Default,Default,Default,Default,Default,Default,Default,Default,2.0000 s,Default,5,Default,Default,2,Default,Default,16,1,1000000,"1,170.7",125.75,32.66,500.0000,0.0000,0.0000,266911.25
HomeGrown2,Job-TLHGWS,False,Default,Default,Default,Default,Default,Default,11111111111111111111111111111111,Empty,RyuJit,Default,X64,8c5e7fda-e8bf-4a96-9a85-a6e23a8c635c,.NET 8.0,False,True,False,True,Default,Default,False,False,True,Default,Default,Default,Default,Default,Default,Default,Default,Default,2.0000 s,Default,5,Default,Default,2,Default,Default,16,1,1000000,"1,227.0",78.15,20.30,500.0000,0.0000,0.0000,266875.97
Addax_Formats_Tabular,Job-TLHGWS,False,Default,Default,Default,Default,Default,Default,11111111111111111111111111111111,Empty,RyuJit,Default,X64,8c5e7fda-e8bf-4a96-9a85-a6e23a8c635c,.NET 8.0,False,True,False,True,Default,Default,False,False,True,Default,Default,Default,Default,Default,Default,Default,Default,Default,2.0000 s,Default,5,Default,Default,2,Default,Default,16,1,1000000,"1,413.4",57.40,14.91,0.0000,0.0000,0.0000,1303132.03
NReco_Csv,Job-TLHGWS,False,Default,Default,Default,Default,Default,Default,11111111111111111111111111111111,Empty,RyuJit,Default,X64,8c5e7fda-e8bf-4a96-9a85-a6e23a8c635c,.NET 8.0,False,True,False,True,Default,Default,False,False,True,Default,Default,Default,Default,Default,Default,Default,Default,Default,2.0000 s,Default,5,Default,Default,2,Default,Default,16,1,1000000,"1,433.5",54.38,14.12,0.0000,0.0000,0.0000,1202319.37
Ctl_Data,Job-TLHGWS,False,Default,Default,Default,Default,Default,Default,11111111111111111111111111111111,Empty,RyuJit,Default,X64,8c5e7fda-e8bf-4a96-9a85-a6e23a8c635c,.NET 8.0,False,True,False,True,Default,Default,False,False,True,Default,Default,Default,Default,Default,Default,Default,Default,Default,2.0000 s,Default,5,Default,Default,2,Default,Default,16,1,1000000,"1,452.1",40.51,6.27,1000.0000,0.0000,0.0000,2442639.06
Sky_Data_Csv,Job-TLHGWS,False,Default,Default,Default,Default,Default,Default,11111111111111111111111111111111,Empty,RyuJit,Default,X64,8c5e7fda-e8bf-4a96-9a85-a6e23a8c635c,.NET 8.0,False,True,False,True,Default,Default,False,False,True,Default,Default,Default,Default,Default,Default,Default,Default,Default,2.0000 s,Default,5,Default,Default,2,Default,Default,16,1,1000000,"1,469.5",20.49,1.12,1000.0000,0.0000,0.0000,2359394.6
HomeGrown,Job-TLHGWS,False,Default,Default,Default,Default,Default,Default,11111111111111111111111111111111,Empty,RyuJit,Default,X64,8c5e7fda-e8bf-4a96-9a85-a6e23a8c635c,.NET 8.0,False,True,False,True,Default,Default,False,False,True,Default,Default,Default,Default,Default,Default,Default,Default,Default,2.0000 s,Default,5,Default,Default,2,Default,Default,16,1,1000000,"1,497.4",39.27,10.20,0.0000,0.0000,0.0000,1201574.98
Dsv,Job-TLHGWS,False,Default,Default,Default,Default,Default,Default,11111111111111111111111111111111,Empty,RyuJit,Default,X64,8c5e7fda-e8bf-4a96-9a85-a6e23a8c635c,.NET 8.0,False,True,False,True,Default,Default,False,False,True,Default,Default,Default,Default,Default,Default,Default,Default,Default,2.0000 s,Default,5,Default,Default,2,Default,Default,16,1,1000000,"1,549.2",50.78,13.19,1000.0000,0.0000,0.0000,2132485.91
mgholam_fastCSV,Job-TLHGWS,False,Default,Default,Default,Default,Default,Default,11111111111111111111111111111111,Empty,RyuJit,Default,X64,8c5e7fda-e8bf-4a96-9a85-a6e23a8c635c,.NET 8.0,False,True,False,True,Default,Default,False,False,True,Default,Default,Default,Default,Default,Default,Default,Default,Default,2.0000 s,Default,5,Default,Default,2,Default,Default,16,1,1000000,"1,552.6",47.04,12.22,0.0000,0.0000,0.0000,1291177.57
ServiceStack_Text,Job-TLHGWS,False,Default,Default,Default,Default,Default,Default,11111111111111111111111111111111,Empty,RyuJit,Default,X64,8c5e7fda-e8bf-4a96-9a85-a6e23a8c635c,.NET 8.0,False,True,False,True,Default,Default,False,False,True,Default,Default,Default,Default,Default,Default,Default,Default,Default,2.0000 s,Default,5,Default,Default,2,Default,Default,16,1,1000000,"1,633.5",25.42,3.93,1000.0000,0.0000,0.0000,2499675.91
GenericParsing,Job-TLHGWS,False,Default,Default,Default,Default,Default,Default,11111111111111111111111111111111,Empty,RyuJit,Default,X64,8c5e7fda-e8bf-4a96-9a85-a6e23a8c635c,.NET 8.0,False,True,False,True,Default,Default,False,False,True,Default,Default,Default,Default,Default,Default,Default,Default,Default,2.0000 s,Default,5,Default,Default,2,Default,Default,16,1,1000000,"1,652.8",25.78,3.99,0.0000,0.0000,0.0000,1201581.83
FastCsvParser,Job-TLHGWS,False,Default,Default,Default,Default,Default,Default,11111111111111111111111111111111,Empty,RyuJit,Default,X64,8c5e7fda-e8bf-4a96-9a85-a6e23a8c635c,.NET 8.0,False,True,False,True,Default,Default,False,False,True,Default,Default,Default,Default,Default,Default,Default,Default,Default,2.0000 s,Default,5,Default,Default,2,Default,Default,16,1,1000000,"1,715.3",98.77,25.65,1000.0000,0.0000,0.0000,2104698.31
KBCsv,Job-TLHGWS,False,Default,Default,Default,Default,Default,Default,11111111111111111111111111111111,Empty,RyuJit,Default,X64,8c5e7fda-e8bf-4a96-9a85-a6e23a8c635c,.NET 8.0,False,True,False,True,Default,Default,False,False,True,Default,Default,Default,Default,Default,Default,Default,Default,Default,2.0000 s,Default,5,Default,Default,2,Default,Default,16,1,1000000,"1,752.5",67.10,17.43,1000.0000,0.0000,0.0000,1537532.48
CSVFile,Job-TLHGWS,False,Default,Default,Default,Default,Default,Default,11111111111111111111111111111111,Empty,RyuJit,Default,X64,8c5e7fda-e8bf-4a96-9a85-a6e23a8c635c,.NET 8.0,False,True,False,True,Default,Default,False,False,True,Default,Default,Default,Default,Default,Default,Default,Default,Default,2.0000 s,Default,5,Default,Default,2,Default,Default,16,1,1000000,"1,818.5",104.77,16.21,1000.0000,0.0000,0.0000,2778260.97
FileHelpers,Job-TLHGWS,False,Default,Default,Default,Default,Default,Default,11111111111111111111111111111111,Empty,RyuJit,Default,X64,8c5e7fda-e8bf-4a96-9a85-a6e23a8c635c,.NET 8.0,False,True,False,True,Default,Default,False,False,True,Default,Default,Default,Default,Default,Default,Default,Default,Default,2.0000 s,Default,5,Default,Default,2,Default,Default,16,1,1000000,"1,854.6",49.35,12.82,1000.0000,0.0000,0.0000,2155972.23
CsvHelper,Job-TLHGWS,False,Default,Default,Default,Default,Default,Default,11111111111111111111111111111111,Empty,RyuJit,Default,X64,8c5e7fda-e8bf-4a96-9a85-a6e23a8c635c,.NET 8.0,False,True,False,True,Default,Default,False,False,True,Default,Default,Default,Default,Default,Default,Default,Default,Default,2.0000 s,Default,5,Default,Default,2,Default,Default,16,1,1000000,"1,958.8",73.53,19.10,0.0000,0.0000,0.0000,266840.48
CsvTextFieldParser,Job-TLHGWS,False,Default,Default,Default,Default,Default,Default,11111111111111111111111111111111,Empty,RyuJit,Default,X64,8c5e7fda-e8bf-4a96-9a85-a6e23a8c635c,.NET 8.0,False,True,False,True,Default,Default,False,False,True,Default,Default,Default,Default,Default,Default,Default,Default,Default,2.0000 s,Default,5,Default,Default,2,Default,Default,16,1,1000000,"2,391.6",842.24,218.73,1000.0000,0.0000,0.0000,4232609.03
LumenWorksCsvReader,Job-TLHGWS,False,Default,Default,Default,Default,Default,Default,11111111111111111111111111111111,Empty,RyuJit,Default,X64,8c5e7fda-e8bf-4a96-9a85-a6e23a8c635c,.NET 8.0,False,True,False,True,Default,Default,False,False,True,Default,Default,Default,Default,Default,Default,Default,Default,Default,2.0000 s,Default,5,Default,Default,2,Default,Default,16,1,1000000,"2,879.1",43.87,11.39,1000.0000,0.0000,0.0000,5360382.48
TinyCsvReader,Job-TLHGWS,False,Default,Default,Default,Default,Default,Default,11111111111111111111111111111111,Empty,RyuJit,Default,X64,8c5e7fda-e8bf-4a96-9a85-a6e23a8c635c,.NET 8.0,False,True,False,True,Default,Default,False,False,True,Default,Default,Default,Default,Default,Default,Default,Default,Default,2.0000 s,Default,5,Default,Default,2,Default,Default,16,1,1000000,"3,185.9",47.46,7.34,2000.0000,1000.0000,0.0000,6401515.86
LinqToCsv,Job-TLHGWS,False,Default,Default,Default,Default,Default,Default,11111111111111111111111111111111,Empty,RyuJit,Default,X64,8c5e7fda-e8bf-4a96-9a85-a6e23a8c635c,.NET 8.0,False,True,False,True,Default,Default,False,False,True,Default,Default,Default,Default,Default,Default,Default,Default,Default,2.0000 s,Default,5,Default,Default,2,Default,Default,16,1,1000000,"3,193.6",56.37,14.64,2000.0000,1000.0000,0.0000,5770532.02
Cesil,Job-TLHGWS,False,Default,Default,Default,Default,Default,Default,11111111111111111111111111111111,Empty,RyuJit,Default,X64,8c5e7fda-e8bf-4a96-9a85-a6e23a8c635c,.NET 8.0,False,True,False,True,Default,Default,False,False,True,Default,Default,Default,Default,Default,Default,Default,Default,Default,2.0000 s,Default,5,Default,Default,2,Default,Default,16,1,1000000,"3,399.0",218.11,56.64,0.0000,0.0000,0.0000,936442.89
CsvTools,Job-TLHGWS,False,Default,Default,Default,Default,Default,Default,11111111111111111111111111111111,Empty,RyuJit,Default,X64,8c5e7fda-e8bf-4a96-9a85-a6e23a8c635c,.NET 8.0,False,True,False,True,Default,Default,False,False,True,Default,Default,Default,Default,Default,Default,Default,Default,Default,2.0000 s,Default,5,Default,Default,2,Default,Default,16,1,1000000,"3,672.4",69.27,10.72,1000.0000,0.0000,0.0000,2123492.1
Open_Text_CSV,Job-TLHGWS,False,Default,Default,Default,Default,Default,Default,11111111111111111111111111111111,Empty,RyuJit,Default,X64,8c5e7fda-e8bf-4a96-9a85-a6e23a8c635c,.NET 8.0,False,True,False,True,Default,Default,False,False,True,Default,Default,Default,Default,Default,Default,Default,Default,Default,2.0000 s,Default,5,Default,Default,2,Default,Default,16,1,1000000,"3,697.3",47.05,12.22,1000.0000,0.0000,0.0000,1576666.89
FlatFiles,Job-TLHGWS,False,Default,Default,Default,Default,Default,Default,11111111111111111111111111111111,Empty,RyuJit,Default,X64,8c5e7fda-e8bf-4a96-9a85-a6e23a8c635c,.NET 8.0,False,True,False,True,Default,Default,False,False,True,Default,Default,Default,Default,Default,Default,Default,Default,Default,2.0000 s,Default,5,Default,Default,2,Default,Default,16,1,1000000,"4,881.1",646.02,167.77,2000.0000,1000.0000,0.0000,4301739.52
StackOverflowRegex,Job-TLHGWS,False,Default,Default,Default,Default,Default,Default,11111111111111111111111111111111,Empty,RyuJit,Default,X64,8c5e7fda-e8bf-4a96-9a85-a6e23a8c635c,.NET 8.0,False,True,False,True,Default,Default,False,False,True,Default,Default,Default,Default,Default,Default,Default,Default,Default,2.0000 s,Default,5,Default,Default,2,Default,Default,16,1,1000000,"5,278.1",277.76,42.98,1000.0000,0.0000,0.0000,4817348.28
Angara_Table,Job-TLHGWS,False,Default,Default,Default,Default,Default,Default,11111111111111111111111111111111,Empty,RyuJit,Default,X64,8c5e7fda-e8bf-4a96-9a85-a6e23a8c635c,.NET 8.0,False,True,False,True,Default,Default,False,False,True,Default,Default,Default,Default,Default,Default,Default,Default,Default,2.0000 s,Default,5,Default,Default,2,Default,Default,16,1,1000000,"5,707.9","1,815.75",471.55,1000.0000,0.0000,0.0000,4124023.26
Csv,Job-TLHGWS,False,Default,Default,Default,Default,Default,Default,11111111111111111111111111111111,Empty,RyuJit,Default,X64,8c5e7fda-e8bf-4a96-9a85-a6e23a8c635c,.NET 8.0,False,True,False,True,Default,Default,False,False,True,Default,Default,Default,Default,Default,Default,Default,Default,Default,2.0000 s,Default,5,Default,Default,2,Default,Default,16,1,1000000,"6,591.2","1,081.01",280.73,2000.0000,1000.0000,0.0000,9766565.16
Microsoft_Data_Analysis,Job-TLHGWS,False,Default,Default,Default,Default,Default,Default,11111111111111111111111111111111,Empty,RyuJit,Default,X64,8c5e7fda-e8bf-4a96-9a85-a6e23a8c635c,.NET 8.0,False,True,False,True,Default,Default,False,False,True,Default,Default,Default,Default,Default,Default,Default,Default,Default,2.0000 s,Default,5,Default,Default,2,Default,Default,16,1,1000000,"8,834.5",273.87,42.38,3000.0000,1000.0000,0.0000,13630116.3
CommonLibrary_NET,Job-TLHGWS,False,Default,Default,Default,Default,Default,Default,11111111111111111111111111111111,Empty,RyuJit,Default,X64,8c5e7fda-e8bf-4a96-9a85-a6e23a8c635c,.NET 8.0,False,True,False,True,Default,Default,False,False,True,Default,Default,Default,Default,Default,Default,Default,Default,Default,2.0000 s,Default,5,Default,Default,2,Default,Default,16,1,1000000,"15,459.8","3,079.93",799.85,4000.0000,2000.0000,1000.0000,15154861.8
Microsoft_VisualBasic_FileIO_TextFieldParser,Job-TLHGWS,False,Default,Default,Default,Default,Default,Default,11111111111111111111111111111111,Empty,RyuJit,Default,X64,8c5e7fda-e8bf-4a96-9a85-a6e23a8c635c,.NET 8.0,False,True,False,True,Default,Default,False,False,True,Default,Default,Default,Default,Default,Default,Default,Default,Default,2.0000 s,Default,5,Default,Default,2,Default,Default,16,1,1000000,"15,693.1",224.73,34.78,136000.0000,39000.0000,6000.0000,41067316.76
ChoETL,Job-TLHGWS,False,Default,Default,Default,Default,Default,Default,11111111111111111111111111111111,Empty,RyuJit,Default,X64,8c5e7fda-e8bf-4a96-9a85-a6e23a8c635c,.NET 8.0,False,True,False,True,Default,Default,False,False,True,Default,Default,Default,Default,Default,Default,Default,Default,Default,2.0000 s,Default,5,Default,Default,2,Default,Default,16,1,1000000,"16,718.6",434.13,112.74,2000.0000,1000.0000,0.0000,6817889.27
