Method,Job,AnalyzeLaunchVariance,EvaluateOverhead,MaxAbsoluteError,MaxRelativeError,MinInvokeCount,MinIterationTime,OutlierMode,Affinity,EnvironmentVariables,Jit,LargeAddressAware,Platform,PowerPlanMode,Runtime,AllowVeryLargeObjects,Concurrent,CpuGroups,Force,HeapAffinitizeMask,HeapCount,NoAffinitize,RetainVm,Server,Arguments,BuildConfiguration,Clock,EngineFactory,NuGetReferences,Toolchain,IsMutator,InvocationCount,IterationCount,IterationTime,LaunchCount,MaxIterationCount,MaxWarmupIterationCount,MemoryRandomization,MinIterationCount,MinWarmupIterationCount,RunStrategy,UnrollFactor,WarmupCount,LineCount,Mean,Error,StdDev,Gen0,Gen1,Gen2,Allocated
Angara_Table,Job-NPQPME,False,Default,Default,Default,Default,Default,Default,11111111111111111111111111111111,Empty,RyuJit,Default,X64,8c5e7fda-e8bf-4a96-9a85-a6e23a8c635c,.NET 7.0,False,True,False,True,Default,Default,False,False,False,Default,Default,Default,Default,Default,Default,Default,1,6,Default,1,Default,Default,Default,Default,Default,Default,1,2,1000000,10.737 s,0.1911 s,0.0681 s,494000.0000,223000.0000,8000.0000,4289.29 MB
Cesil,Job-NPQPME,False,Default,Default,Default,Default,Default,Default,11111111111111111111111111111111,Empty,RyuJit,Default,X64,8c5e7fda-e8bf-4a96-9a85-a6e23a8c635c,.NET 7.0,False,True,False,True,Default,Default,False,False,False,Default,Default,Default,Default,Default,Default,Default,1,6,Default,1,Default,Default,Default,Default,Default,Default,1,2,1000000,5.032 s,0.0424 s,0.0151 s,118000.0000,117000.0000,6000.0000,914.48 MB
ChoETL,Job-NPQPME,False,Default,Default,Default,Default,Default,Default,11111111111111111111111111111111,Empty,RyuJit,Default,X64,8c5e7fda-e8bf-4a96-9a85-a6e23a8c635c,.NET 7.0,False,True,False,True,Default,Default,False,False,False,Default,Default,Default,Default,Default,Default,Default,1,6,Default,1,Default,Default,Default,Default,Default,Default,1,2,1000000,22.925 s,0.2025 s,0.0526 s,835000.0000,214000.0000,8000.0000,6617.08 MB
CommonLibrary_NET,Job-NPQPME,False,Default,Default,Default,Default,Default,Default,11111111111111111111111111111111,Empty,RyuJit,Default,X64,8c5e7fda-e8bf-4a96-9a85-a6e23a8c635c,.NET 7.0,False,True,False,True,Default,Default,False,False,False,Default,Default,Default,Default,Default,Default,Default,1,6,Default,1,Default,Default,Default,Default,Default,Default,1,2,1000000,30.390 s,0.8519 s,0.3038 s,1785000.0000,691000.0000,11000.0000,14799.64 MB
Csv,Job-NPQPME,False,Default,Default,Default,Default,Default,Default,11111111111111111111111111111111,Empty,RyuJit,Default,X64,8c5e7fda-e8bf-4a96-9a85-a6e23a8c635c,.NET 7.0,False,True,False,True,Default,Default,False,False,False,Default,Default,Default,Default,Default,Default,Default,1,6,Default,1,Default,Default,Default,Default,Default,Default,1,2,1000000,7.504 s,0.0621 s,0.0161 s,1234000.0000,314000.0000,8000.0000,9799.58 MB
CSVFile,Job-NPQPME,False,Default,Default,Default,Default,Default,Default,11111111111111111111111111111111,Empty,RyuJit,Default,X64,8c5e7fda-e8bf-4a96-9a85-a6e23a8c635c,.NET 7.0,False,True,False,True,Default,Default,False,False,False,Default,Default,Default,Default,Default,Default,Default,1,6,Default,1,Default,Default,Default,Default,Default,Default,1,2,1000000,4.485 s,0.0592 s,0.0211 s,378000.0000,131000.0000,7000.0000,2975.09 MB
CsvHelper,Job-NPQPME,False,Default,Default,Default,Default,Default,Default,11111111111111111111111111111111,Empty,RyuJit,Default,X64,8c5e7fda-e8bf-4a96-9a85-a6e23a8c635c,.NET 7.0,False,True,False,True,Default,Default,False,False,False,Default,Default,Default,Default,Default,Default,Default,1,6,Default,1,Default,Default,Default,Default,Default,Default,1,2,1000000,2.581 s,0.0380 s,0.0136 s,34000.0000,33000.0000,4000.0000,260.6 MB
CsvTextFieldParser,Job-NPQPME,False,Default,Default,Default,Default,Default,Default,11111111111111111111111111111111,Empty,RyuJit,Default,X64,8c5e7fda-e8bf-4a96-9a85-a6e23a8c635c,.NET 7.0,False,True,False,True,Default,Default,False,False,False,Default,Default,Default,Default,Default,Default,Default,1,6,Default,1,Default,Default,Default,Default,Default,Default,1,2,1000000,4.492 s,0.2136 s,0.0762 s,523000.0000,183000.0000,7000.0000,4133.4 MB
CsvTools,Job-NPQPME,False,Default,Default,Default,Default,Default,Default,11111111111111111111111111111111,Empty,RyuJit,Default,X64,8c5e7fda-e8bf-4a96-9a85-a6e23a8c635c,.NET 7.0,False,True,False,True,Default,Default,False,False,False,Default,Default,Default,Default,Default,Default,Default,1,6,Default,1,Default,Default,Default,Default,Default,Default,1,2,1000000,6.291 s,0.1310 s,0.0467 s,265000.0000,136000.0000,7000.0000,2073.7 MB
Ctl_Data,Job-NPQPME,False,Default,Default,Default,Default,Default,Default,11111111111111111111111111111111,Empty,RyuJit,Default,X64,8c5e7fda-e8bf-4a96-9a85-a6e23a8c635c,.NET 7.0,False,True,False,True,Default,Default,False,False,False,Default,Default,Default,Default,Default,Default,Default,1,6,Default,1,Default,Default,Default,Default,Default,Default,1,2,1000000,4.388 s,0.0827 s,0.0295 s,304000.0000,153000.0000,7000.0000,2385.38 MB
Cursively,Job-NPQPME,False,Default,Default,Default,Default,Default,Default,11111111111111111111111111111111,Empty,RyuJit,Default,X64,8c5e7fda-e8bf-4a96-9a85-a6e23a8c635c,.NET 7.0,False,True,False,True,Default,Default,False,False,False,Default,Default,Default,Default,Default,Default,Default,1,6,Default,1,Default,Default,Default,Default,Default,Default,1,2,1000000,1.752 s,0.0583 s,0.0208 s,45000.0000,24000.0000,4000.0000,344.65 MB
Dsv,Job-NPQPME,False,Default,Default,Default,Default,Default,Default,11111111111111111111111111111111,Empty,RyuJit,Default,X64,8c5e7fda-e8bf-4a96-9a85-a6e23a8c635c,.NET 7.0,False,True,False,True,Default,Default,False,False,False,Default,Default,Default,Default,Default,Default,Default,1,6,Default,1,Default,Default,Default,Default,Default,Default,1,2,1000000,3.910 s,0.0419 s,0.0109 s,299000.0000,153000.0000,7000.0000,2344.46 MB
FastCsvParser,Job-NPQPME,False,Default,Default,Default,Default,Default,Default,11111111111111111111111111111111,Empty,RyuJit,Default,X64,8c5e7fda-e8bf-4a96-9a85-a6e23a8c635c,.NET 7.0,False,True,False,True,Default,Default,False,False,False,Default,Default,Default,Default,Default,Default,Default,1,6,Default,1,Default,Default,Default,Default,Default,Default,1,2,1000000,4.239 s,0.0875 s,0.0312 s,262000.0000,134000.0000,7000.0000,2055.36 MB
FileHelpers,Job-NPQPME,False,Default,Default,Default,Default,Default,Default,11111111111111111111111111111111,Empty,RyuJit,Default,X64,8c5e7fda-e8bf-4a96-9a85-a6e23a8c635c,.NET 7.0,False,True,False,True,Default,Default,False,False,False,Default,Default,Default,Default,Default,Default,Default,1,6,Default,1,Default,Default,Default,Default,Default,Default,1,2,1000000,4.356 s,0.0408 s,0.0145 s,301000.0000,153000.0000,7000.0000,2367.39 MB
FlatFiles,Job-NPQPME,False,Default,Default,Default,Default,Default,Default,11111111111111111111111111111111,Empty,RyuJit,Default,X64,8c5e7fda-e8bf-4a96-9a85-a6e23a8c635c,.NET 7.0,False,True,False,True,Default,Default,False,False,False,Default,Default,Default,Default,Default,Default,Default,1,6,Default,1,Default,Default,Default,Default,Default,Default,1,2,1000000,8.446 s,0.0642 s,0.0229 s,531000.0000,183000.0000,7000.0000,4200.89 MB
FluentCSV,Job-NPQPME,False,Default,Default,Default,Default,Default,Default,11111111111111111111111111111111,Empty,RyuJit,Default,X64,8c5e7fda-e8bf-4a96-9a85-a6e23a8c635c,.NET 7.0,False,True,False,True,Default,Default,False,False,False,Default,Default,Default,Default,Default,Default,Default,1,6,Default,1,Default,Default,Default,Default,Default,Default,1,2,1000000,3.136 s,0.0873 s,0.0311 s,298000.0000,152000.0000,7000.0000,2336.82 MB
HomeGrown,Job-NPQPME,False,Default,Default,Default,Default,Default,Default,11111111111111111111111111111111,Empty,RyuJit,Default,X64,8c5e7fda-e8bf-4a96-9a85-a6e23a8c635c,.NET 7.0,False,True,False,True,Default,Default,False,False,False,Default,Default,Default,Default,Default,Default,Default,1,6,Default,1,Default,Default,Default,Default,Default,Default,1,2,1000000,3.871 s,0.0213 s,0.0055 s,152000.0000,151000.0000,7000.0000,1173.41 MB
KBCsv,Job-NPQPME,False,Default,Default,Default,Default,Default,Default,11111111111111111111111111111111,Empty,RyuJit,Default,X64,8c5e7fda-e8bf-4a96-9a85-a6e23a8c635c,.NET 7.0,False,True,False,True,Default,Default,False,False,False,Default,Default,Default,Default,Default,Default,Default,1,6,Default,1,Default,Default,Default,Default,Default,Default,1,2,1000000,3.689 s,0.0547 s,0.0195 s,192000.0000,99000.0000,6000.0000,1501.49 MB
LinqToCsv,Job-NPQPME,False,Default,Default,Default,Default,Default,Default,11111111111111111111111111111111,Empty,RyuJit,Default,X64,8c5e7fda-e8bf-4a96-9a85-a6e23a8c635c,.NET 7.0,False,True,False,True,Default,Default,False,False,False,Default,Default,Default,Default,Default,Default,Default,1,6,Default,1,Default,Default,Default,Default,Default,Default,1,2,1000000,5.483 s,0.1461 s,0.0521 s,712000.0000,184000.0000,8000.0000,5635.27 MB
LumenWorksCsvReader,Job-NPQPME,False,Default,Default,Default,Default,Default,Default,11111111111111111111111111111111,Empty,RyuJit,Default,X64,8c5e7fda-e8bf-4a96-9a85-a6e23a8c635c,.NET 7.0,False,True,False,True,Default,Default,False,False,False,Default,Default,Default,Default,Default,Default,Default,1,6,Default,1,Default,Default,Default,Default,Default,Default,1,2,1000000,4.928 s,0.1286 s,0.0459 s,662000.0000,176000.0000,8000.0000,5234.74 MB
mgholam_fastCSV,Job-NPQPME,False,Default,Default,Default,Default,Default,Default,11111111111111111111111111111111,Empty,RyuJit,Default,X64,8c5e7fda-e8bf-4a96-9a85-a6e23a8c635c,.NET 7.0,False,True,False,True,Default,Default,False,False,False,Default,Default,Default,Default,Default,Default,Default,1,6,Default,1,Default,Default,Default,Default,Default,Default,1,2,1000000,2.999 s,0.0575 s,0.0205 s,161000.0000,83000.0000,6000.0000,1260.91 MB
Microsoft_ML,Job-NPQPME,False,Default,Default,Default,Default,Default,Default,11111111111111111111111111111111,Empty,RyuJit,Default,X64,8c5e7fda-e8bf-4a96-9a85-a6e23a8c635c,.NET 7.0,False,True,False,True,Default,Default,False,False,False,Default,Default,Default,Default,Default,Default,Default,1,6,Default,1,Default,Default,Default,Default,Default,Default,1,2,1000000,3.930 s,0.2708 s,0.0966 s,275000.0000,141000.0000,8000.0000,2057.97 MB
Microsoft_Data_Analysis,Job-NPQPME,False,Default,Default,Default,Default,Default,Default,11111111111111111111111111111111,Empty,RyuJit,Default,X64,8c5e7fda-e8bf-4a96-9a85-a6e23a8c635c,.NET 7.0,False,True,False,True,Default,Default,False,False,False,Default,Default,Default,Default,Default,Default,Default,1,6,Default,1,Default,Default,Default,Default,Default,Default,1,2,1000000,13.387 s,0.1495 s,0.0533 s,1626000.0000,423000.0000,9000.0000,13310.62 MB
Microsoft_VisualBasic_FileIO_TextFieldParser,Job-NPQPME,False,Default,Default,Default,Default,Default,Default,11111111111111111111111111111111,Empty,RyuJit,Default,X64,8c5e7fda-e8bf-4a96-9a85-a6e23a8c635c,.NET 7.0,False,True,False,True,Default,Default,False,False,False,Default,Default,Default,Default,Default,Default,Default,1,6,Default,1,Default,Default,Default,Default,Default,Default,1,2,1000000,17.837 s,0.1501 s,0.0535 s,5034000.0000,1007000.0000,9000.0000,40104.69 MB
NReco_Csv,Job-NPQPME,False,Default,Default,Default,Default,Default,Default,11111111111111111111111111111111,Empty,RyuJit,Default,X64,8c5e7fda-e8bf-4a96-9a85-a6e23a8c635c,.NET 7.0,False,True,False,True,Default,Default,False,False,False,Default,Default,Default,Default,Default,Default,Default,1,6,Default,1,Default,Default,Default,Default,Default,Default,1,2,1000000,3.373 s,0.0471 s,0.0168 s,152000.0000,151000.0000,7000.0000,1174.14 MB
Open_Text_CSV,Job-NPQPME,False,Default,Default,Default,Default,Default,Default,11111111111111111111111111111111,Empty,RyuJit,Default,X64,8c5e7fda-e8bf-4a96-9a85-a6e23a8c635c,.NET 7.0,False,True,False,True,Default,Default,False,False,False,Default,Default,Default,Default,Default,Default,Default,1,6,Default,1,Default,Default,Default,Default,Default,Default,1,2,1000000,5.594 s,0.0767 s,0.0199 s,197000.0000,61000.0000,6000.0000,1539.7 MB
RecordParser,Job-NPQPME,False,Default,Default,Default,Default,Default,Default,11111111111111111111111111111111,Empty,RyuJit,Default,X64,8c5e7fda-e8bf-4a96-9a85-a6e23a8c635c,.NET 7.0,False,True,False,True,Default,Default,False,False,False,Default,Default,Default,Default,Default,Default,Default,1,6,Default,1,Default,Default,Default,Default,Default,Default,1,2,1000000,1.812 s,0.0314 s,0.0081 s,34000.0000,33000.0000,4000.0000,260.75 MB
ServiceStack_Text,Job-NPQPME,False,Default,Default,Default,Default,Default,Default,11111111111111111111111111111111,Empty,RyuJit,Default,X64,8c5e7fda-e8bf-4a96-9a85-a6e23a8c635c,.NET 7.0,False,True,False,True,Default,Default,False,False,False,Default,Default,Default,Default,Default,Default,Default,1,6,Default,1,Default,Default,Default,Default,Default,Default,1,2,1000000,3.909 s,0.0811 s,0.0211 s,343000.0000,118000.0000,6000.0000,2703.03 MB
Sky_Data_Csv,Job-NPQPME,False,Default,Default,Default,Default,Default,Default,11111111111111111111111111111111,Empty,RyuJit,Default,X64,8c5e7fda-e8bf-4a96-9a85-a6e23a8c635c,.NET 7.0,False,True,False,True,Default,Default,False,False,False,Default,Default,Default,Default,Default,Default,Default,1,6,Default,1,Default,Default,Default,Default,Default,Default,1,2,1000000,3.713 s,0.0935 s,0.0333 s,294000.0000,150000.0000,7000.0000,2304.1 MB
StackOverflowRegex,Job-NPQPME,False,Default,Default,Default,Default,Default,Default,11111111111111111111111111111111,Empty,RyuJit,Default,X64,8c5e7fda-e8bf-4a96-9a85-a6e23a8c635c,.NET 7.0,False,True,False,True,Default,Default,False,False,False,Default,Default,Default,Default,Default,Default,Default,1,6,Default,1,Default,Default,Default,Default,Default,Default,1,2,1000000,7.257 s,0.1369 s,0.0488 s,621000.0000,166000.0000,1000.0000,4966.37 MB
string_Split,Job-NPQPME,False,Default,Default,Default,Default,Default,Default,11111111111111111111111111111111,Empty,RyuJit,Default,X64,8c5e7fda-e8bf-4a96-9a85-a6e23a8c635c,.NET 7.0,False,True,False,True,Default,Default,False,False,False,Default,Default,Default,Default,Default,Default,Default,1,6,Default,1,Default,Default,Default,Default,Default,Default,1,2,1000000,2.920 s,0.0579 s,0.0207 s,298000.0000,152000.0000,7000.0000,2336.82 MB
SoftCircuits_CsvParser,Job-NPQPME,False,Default,Default,Default,Default,Default,Default,11111111111111111111111111111111,Empty,RyuJit,Default,X64,8c5e7fda-e8bf-4a96-9a85-a6e23a8c635c,.NET 7.0,False,True,False,True,Default,Default,False,False,False,Default,Default,Default,Default,Default,Default,Default,1,6,Default,1,Default,Default,Default,Default,Default,Default,1,2,1000000,2.993 s,0.1070 s,0.0382 s,152000.0000,151000.0000,7000.0000,1173.42 MB
Sylvan_Data_Csv,Job-NPQPME,False,Default,Default,Default,Default,Default,Default,11111111111111111111111111111111,Empty,RyuJit,Default,X64,8c5e7fda-e8bf-4a96-9a85-a6e23a8c635c,.NET 7.0,False,True,False,True,Default,Default,False,False,False,Default,Default,Default,Default,Default,Default,Default,1,6,Default,1,Default,Default,Default,Default,Default,Default,1,2,1000000,1.332 s,0.0535 s,0.0139 s,34000.0000,33000.0000,4000.0000,260.77 MB
TinyCsvReader,Job-NPQPME,False,Default,Default,Default,Default,Default,Default,11111111111111111111111111111111,Empty,RyuJit,Default,X64,8c5e7fda-e8bf-4a96-9a85-a6e23a8c635c,.NET 7.0,False,True,False,True,Default,Default,False,False,False,Default,Default,Default,Default,Default,Default,Default,1,6,Default,1,Default,Default,Default,Default,Default,Default,1,2,1000000,6.443 s,0.0800 s,0.0285 s,822000.0000,211000.0000,8000.0000,6513.42 MB
TxtCsvHelper,Job-NPQPME,False,Default,Default,Default,Default,Default,Default,11111111111111111111111111111111,Empty,RyuJit,Default,X64,8c5e7fda-e8bf-4a96-9a85-a6e23a8c635c,.NET 7.0,False,True,False,True,Default,Default,False,False,False,Default,Default,Default,Default,Default,Default,Default,1,6,Default,1,Default,Default,Default,Default,Default,Default,1,2,1000000,3.085 s,0.0903 s,0.0322 s,331000.0000,114000.0000,6000.0000,2611.48 MB
